middle3Letters,last4,first3Letters,last2Letters,first2Letters,last3Letters,percentHardMode,Date,ContestNumber,Word,ReportedResults,NumberInHardMode,1Try,2Tries,3Tries,4Tries,5Tries,6Tries,7Tries,containsA,containsb,containsc,containsd,containse,containsf,containsg,containsh,containsi,containsj,containsk,containsl,containsm,containsn,containso,containsp,containsq,containsr,containss,containst,containsu,containsv,containsw,containsx,containsy,containsz,ProbabilityLetter1,ProbabilityLetter2,ProbabilityLetter3,ProbabilityLetter4,ProbabilityLetter5,Letter1Vowel,Letter2Vowel,Letter3Vowel,Letter4Vowel,Letter5Vowel,commonTri,CommonTrigrams
lan,land,bla,nd,bl,and,0.080591,2022-07-13,389,bland,46246,3727,0,7,31,38,18,4,0,1,1,0,1,0,0,0,0,0,0,0,1,0,1,0,0,0,0,0,0,0,0,0,0,0,0,0.017270,0.062396,0.088579,0.049025,0.030084,False,False,True,False,False,1,and
ein,eing,bei,ng,be,ing,0.072707,2022-05-17,332,being,70722,5142,0,4,22,37,26,10,1,0,1,0,0,1,0,1,0,1,0,0,0,0,1,0,0,0,0,0,0,0,0,0,0,0,0,0.017270,0.102507,0.056267,0.049025,0.028412,False,True,True,False,False,1,ing
lin,ling,cli,ng,cl,ing,0.087959,2022-08-10,417,cling,37654,3312,0,4,20,34,27,13,2,0,0,1,0,0,0,1,0,1,0,0,1,0,1,0,0,0,0,0,0,0,0,0,0,0,0,0.039554,0.062396,0.056267,0.049025,0.028412,False,False,True,False,False,1,ing
tin,ting,sti,ng,st,ing,0.091954,2022-10-03,471,sting,32288,2969,1,10,30,33,18,8,2,0,0,0,0,0,0,1,0,1,0,0,0,0,1,0,0,0,0,1,1,0,0,0,0,0,0,0.049025,0.072423,0.056267,0.049025,0.028412,False,False,True,False,False,1,ing
inc,ince,win,ce,wi,nce,0.028366,2022-01-22,217,wince,241489,6850,1,3,17,33,29,15,3,0,0,1,0,1,0,0,0,1,0,0,0,0,1,0,0,0,0,0,0,0,0,1,0,0,0,0.016713,0.056267,0.049025,0.039554,0.102507,False,True,False,False,True,1,nce
inc,ince,min,ce,mi,nce,0.064840,2022-04-14,299,mince,113448,7356,0,6,24,35,24,10,1,0,0,1,0,1,0,0,0,1,0,0,0,1,1,0,0,0,0,0,0,0,0,0,0,0,0,0.030641,0.056267,0.049025,0.039554,0.102507,False,True,False,False,True,1,nce
lof,loft,alo,ft,al,oft,0.042878,2022-02-05,231,aloft,319698,13708,1,4,22,36,25,11,2,1,0,0,0,0,1,0,0,0,0,0,1,0,0,1,0,0,0,0,1,0,0,0,0,0,0,0.088579,0.062396,0.074095,0.018384,0.072423,True,False,True,False,False,1,oft
epi,epid,tep,id,te,pid,0.095351,2022-11-28,527,tepid,26051,2484,0,10,38,35,13,3,0,0,0,0,1,1,0,0,0,1,0,0,0,0,0,0,1,0,0,0,1,0,0,0,0,0,0,0.072423,0.102507,0.035655,0.056267,0.030084,False,True,False,True,False,0,
hun,hunk,chu,nk,ch,unk,0.063567,2022-04-13,298,chunk,123255,7835,1,4,29,42,18,5,1,0,0,1,0,0,0,0,1,0,0,1,0,0,1,0,0,0,0,0,0,1,0,0,0,0,0,0.039554,0.038997,0.035655,0.049025,0.019499,False,False,True,False,False,0,
phi,phid,aph,id,ap,hid,0.086143,2022-07-21,397,aphid,39086,3367,0,6,24,36,23,9,2,1,0,0,1,0,0,0,1,1,0,0,0,0,0,0,1,0,0,0,0,0,0,0,0,0,0,0.088579,0.035655,0.038997,0.056267,0.030084,True,False,False,True,False,0,
rin,rine,bri,ne,br,ine,0.045260,2022-03-05,259,brine,229895,10405,1,9,25,29,22,12,3,0,1,0,0,1,0,0,0,1,0,0,0,0,1,0,0,0,1,0,0,0,0,0,0,0,0,0.017270,0.074652,0.056267,0.049025,0.102507,False,False,True,False,True,0,
hin,hine,shi,ne,sh,ine,0.069109,2022-05-09,324,shine,88932,6146,1,14,32,30,17,6,1,0,0,0,0,1,0,0,1,1,0,0,0,0,1,0,0,0,0,1,0,0,0,0,0,0,0,0.049025,0.038997,0.056267,0.049025,0.102507,False,False,True,False,True,0,
win,wine,twi,ne,tw,ine,0.092229,2022-10-02,470,twine,30088,2775,0,6,28,40,20,5,1,0,0,0,0,1,0,0,0,1,0,0,0,0,1,0,0,0,0,0,1,0,0,1,0,0,0,0.072423,0.016713,0.056267,0.049025,0.102507,False,False,True,False,True,0,
rep,rept,cre,pt,cr,ept,0.075946,2022-05-28,343,crept,60069,4562,0,4,27,38,22,7,1,0,0,1,0,1,0,0,0,0,0,0,0,0,0,0,1,0,1,0,1,0,0,0,0,0,0,0.039554,0.074652,0.102507,0.035655,0.072423,False,False,True,False,False,0,
nep,nept,ine,pt,in,ept,0.095410,2022-11-02,501,inept,27670,2640,0,6,30,39,20,6,1,0,0,0,0,1,0,0,0,1,0,0,0,0,1,0,1,0,0,0,1,0,0,0,0,0,0,0.056267,0.049025,0.102507,0.035655,0.072423,True,False,True,False,False,0,
ooz,ooze,boo,ze,bo,oze,0.098912,2022-09-12,450,booze,29147,2883,0,1,7,27,38,23,4,0,1,0,0,1,0,0,0,0,0,0,0,0,0,1,0,0,0,0,0,0,0,0,0,0,1,0.017270,0.074095,0.074095,0.002786,0.102507,False,True,True,False,True,0,
rys,ryst,try,st,tr,yst,0.085037,2022-07-22,398,tryst,43099,3665,0,3,26,41,23,6,1,0,0,0,0,0,0,0,0,0,0,0,0,0,0,0,0,0,1,1,1,0,0,0,0,1,0,0.072423,0.074652,0.033983,0.049025,0.072423,False,False,True,False,False,0,
are,arer,par,er,pa,rer,0.110697,2022-09-16,454,parer,37309,4130,0,0,4,11,15,22,48,1,0,0,0,1,0,0,0,0,0,0,0,0,0,0,1,0,1,0,0,0,0,0,0,0,0,0.035655,0.088579,0.074652,0.102507,0.074652,False,True,False,True,False,0,
anl,anly,man,ly,ma,nly,0.093180,2022-12-31,560,manly,20380,1899,0,2,17,37,29,12,2,1,0,0,0,0,0,0,0,0,0,0,1,1,1,0,0,0,0,0,0,0,0,0,0,1,0,0.030641,0.088579,0.049025,0.062396,0.033983,False,True,False,False,True,0,
ovi,ovie,mov,ie,mo,vie,0.052327,2022-03-17,271,movie,169071,8847,1,5,18,30,26,16,3,0,0,0,0,1,0,0,0,1,0,0,0,1,0,1,0,0,0,0,0,0,1,0,0,0,0,0.030641,0.074095,0.013928,0.056267,0.102507,False,True,False,True,True,0,
ram,rame,fra,me,fr,ame,0.045709,2022-02-08,234,frame,336236,15369,1,10,20,24,24,17,3,1,0,0,0,1,1,0,0,0,0,0,0,1,0,0,0,0,1,0,0,0,0,0,0,0,0,0.018384,0.074652,0.088579,0.030641,0.102507,False,False,True,False,True,0,
ham,hame,sha,me,sh,ame,0.065558,2022-04-15,300,shame,129991,8522,1,11,22,25,21,15,5,1,0,0,0,1,0,0,1,0,0,0,0,1,0,0,0,0,0,1,0,0,0,0,0,0,0,0.049025,0.038997,0.088579,0.030641,0.102507,False,False,True,False,True,0,
hei,heir,the,ir,th,eir,0.052984,2022-03-21,275,their,173636,9200,2,14,36,30,13,4,0,0,0,0,0,1,0,0,1,1,0,0,0,0,0,0,0,0,1,0,1,0,0,0,0,0,0,0.072423,0.038997,0.102507,0.056267,0.074652,False,False,True,True,False,0,
nfi,nfit,unf,it,un,fit,0.089734,2022-08-08,415,unfit,35516,3187,0,3,24,38,25,9,1,0,0,0,0,0,1,0,0,1,0,0,0,0,1,0,0,0,0,0,1,1,0,0,0,0,0,0.035655,0.049025,0.018384,0.056267,0.072423,True,False,False,True,False,0,
uer,uery,que,ry,qu,ery,0.020927,2022-01-10,205,query,107134,2242,1,4,16,30,30,17,2,0,0,0,0,1,0,0,0,0,0,0,0,0,0,0,0,1,1,0,0,1,0,0,0,1,0,0.002786,0.035655,0.102507,0.074652,0.033983,False,True,True,False,True,0,
arg,argo,car,go,ca,rgo,0.066623,2022-04-20,305,cargo,102007,6796,0,5,20,34,27,12,2,1,0,1,0,0,0,1,0,0,0,0,0,0,0,1,0,0,1,0,0,0,0,0,0,0,0,0.039554,0.088579,0.074652,0.028412,0.074095,False,True,False,False,True,0,
org,orgo,for,go,fo,rgo,0.073386,2022-05-01,316,forgo,77658,5699,0,1,9,26,37,23,3,0,0,0,0,0,1,1,0,0,0,0,0,0,0,1,0,0,1,0,0,0,0,0,0,0,0,0.018384,0.074095,0.074652,0.028412,0.074095,False,True,False,False,True,0,
eer,eery,lee,ry,le,ery,0.092701,2022-09-07,445,leery,30992,2873,0,3,17,37,28,12,2,0,0,0,0,1,0,0,0,0,0,0,1,0,0,0,0,0,1,0,0,0,0,0,0,1,0,0.062396,0.102507,0.102507,0.074652,0.033983,False,True,True,False,True,0,
eas,east,fea,st,fe,ast,0.098358,2022-11-24,523,feast,27705,2725,5,13,25,27,19,10,2,1,0,0,0,1,1,0,0,0,0,0,0,0,0,0,0,0,0,1,1,0,0,0,0,0,0,0.018384,0.102507,0.088579,0.049025,0.072423,False,True,True,False,False,0,
ras,rash,tra,sh,tr,ash,0.065643,2022-04-29,314,trash,106652,7001,2,19,34,27,13,4,1,1,0,0,0,0,0,0,1,0,0,0,0,0,0,0,0,0,0,1,1,0,0,0,0,0,0,0.072423,0.074652,0.088579,0.049025,0.038997,False,False,True,False,False,0,
ois,oise,poi,se,po,ise,0.094226,2022-12-24,553,poise,20281,1911,2,11,34,32,15,6,1,0,0,0,0,1,0,0,0,1,0,0,0,0,0,1,1,0,0,1,0,0,0,0,0,0,0,0.035655,0.074095,0.056267,0.049025,0.102507,False,True,True,False,True,0,
cal,cald,sca,ld,sc,ald,0.092824,2022-09-29,467,scald,30477,2829,0,4,23,36,24,11,2,1,0,1,1,0,0,0,0,0,0,0,1,0,0,0,0,0,0,1,0,0,0,0,0,0,0,0.049025,0.039554,0.088579,0.062396,0.030084,False,False,True,False,False,0,
tei,tein,ste,in,st,ein,0.094822,2022-10-17,485,stein,31269,2965,1,12,34,32,16,5,1,0,0,0,0,1,0,0,0,1,0,0,0,0,1,0,0,0,0,1,1,0,0,0,0,0,0,0.049025,0.072423,0.102507,0.056267,0.049025,False,False,True,True,False,0,
hor,hord,cho,rd,ch,ord,0.093481,2022-12-17,546,chord,22336,2088,0,7,39,38,13,3,0,0,0,1,1,0,0,0,1,0,0,0,0,0,0,1,0,0,1,0,0,0,0,0,0,0,0,0.039554,0.038997,0.074095,0.074652,0.030084,False,False,True,False,False,0,
oda,oday,tod,ay,to,day,0.048701,2022-03-12,266,today,192049,9353,1,7,29,35,20,7,1,1,0,0,1,0,0,0,0,0,0,0,0,0,0,1,0,0,0,0,1,0,0,0,0,1,0,0.072423,0.074095,0.030084,0.088579,0.033983,False,True,False,True,True,0,
rue,ruel,gru,el,gr,uel,0.087936,2022-08-16,423,gruel,35105,3087,0,3,19,39,29,9,1,0,0,0,0,1,0,1,0,0,0,0,1,0,0,0,0,0,1,0,0,1,0,0,0,0,0,0.028412,0.074652,0.035655,0.102507,0.062396,False,False,True,True,False,0,
wan,wang,twa,ng,tw,ang,0.090789,2022-08-18,425,twang,34938,3172,0,3,22,43,25,7,1,1,0,0,0,0,0,1,0,0,0,0,0,0,1,0,0,0,0,0,1,0,0,1,0,0,0,0.072423,0.016713,0.088579,0.049025,0.028412,False,False,True,False,False,0,
ron,rony,iro,ny,ir,ony,0.087741,2022-08-26,433,irony,34716,3046,0,6,29,34,21,8,1,0,0,0,0,0,0,0,0,1,0,0,0,0,1,1,0,0,1,0,0,0,0,0,0,1,0,0.056267,0.074652,0.074095,0.049025,0.033983,True,False,True,False,True,0,
ack,acky,wac,ky,wa,cky,0.084446,2022-07-17,393,wacky,39611,3345,0,3,18,39,27,10,2,1,0,1,0,0,0,0,0,0,0,1,0,0,0,0,0,0,0,0,0,0,0,1,0,1,0,0.016713,0.088579,0.039554,0.019499,0.033983,False,True,False,False,True,0,
xce,xcel,exc,el,ex,cel,0.099268,2022-12-22,551,excel,20490,2034,0,1,13,34,34,15,2,0,0,1,0,1,0,0,0,0,0,0,1,0,0,0,0,0,0,0,0,0,0,0,1,0,0,0.102507,0.003900,0.039554,0.102507,0.062396,True,False,False,True,False,0,
her,here,the,re,th,ere,0.092117,2022-11-17,516,there,27465,2530,0,14,35,33,14,4,0,0,0,0,0,1,0,0,1,0,0,0,0,0,0,0,0,0,1,0,1,0,0,0,0,0,0,0.072423,0.038997,0.102507,0.074652,0.102507,False,False,True,False,True,0,
hot,hoto,pho,to,ph,oto,0.093853,2022-11-04,503,photo,27330,2565,0,5,34,43,15,3,0,0,0,0,0,0,0,0,1,0,0,0,0,0,0,1,1,0,0,0,1,0,0,0,0,0,0,0.035655,0.038997,0.074095,0.072423,0.074095,False,False,True,False,True,0,
ppl,pply,app,ly,ap,ply,0.093997,2022-12-12,541,apply,22873,2150,0,5,28,38,22,7,1,1,0,0,0,0,0,0,0,0,0,0,1,0,0,0,1,0,0,0,0,0,0,0,0,1,0,0.088579,0.035655,0.035655,0.062396,0.033983,True,False,False,False,True,0,
ott,otto,mot,to,mo,tto,0.085583,2022-07-27,403,motto,38384,3285,0,1,11,36,36,14,1,0,0,0,0,0,0,0,0,0,0,0,0,1,0,1,0,0,0,0,1,0,0,0,0,0,0,0.030641,0.074095,0.072423,0.072423,0.074095,False,True,False,False,True,0,
lum,lump,slu,mp,sl,ump,0.016892,2022-01-07,202,slump,80630,1362,1,3,23,39,24,9,1,0,0,0,0,0,0,0,0,0,0,0,1,1,0,0,1,0,0,1,0,1,0,0,0,0,0,0.049025,0.062396,0.035655,0.030641,0.035655,False,False,True,False,False,0,
lok,loke,blo,ke,bl,oke,0.041508,2022-02-24,250,bloke,250674,10405,1,6,21,32,25,12,2,0,1,0,0,1,0,0,0,0,0,1,1,0,0,1,0,0,0,0,0,0,0,0,0,0,0,0.017270,0.062396,0.074095,0.019499,0.102507,False,False,True,False,True,0,
hok,hoke,cho,ke,ch,oke,0.041901,2022-02-28,254,choke,251094,10521,1,8,30,36,18,6,1,0,0,1,0,1,0,0,1,0,0,1,0,0,0,1,0,0,0,0,0,0,0,0,0,0,0,0.039554,0.038997,0.074095,0.019499,0.102507,False,False,True,False,True,0,
pok,poke,spo,ke,sp,oke,0.092278,2022-12-13,542,spoke,24101,2224,0,6,31,38,19,5,0,0,0,0,0,1,0,0,0,0,0,1,0,0,0,1,1,0,0,1,0,0,0,0,0,0,0,0.049025,0.035655,0.074095,0.019499,0.102507,False,False,True,False,True,0,
lou,loud,alo,ud,al,oud,0.095385,2022-11-03,502,aloud,29554,2819,1,18,31,30,15,4,1,1,0,0,1,0,0,0,0,0,0,0,1,0,0,1,0,0,0,0,0,1,0,0,0,0,0,0.088579,0.062396,0.074095,0.035655,0.030084,True,False,True,True,False,0,
npu,nput,inp,ut,in,put,0.078243,2022-06-20,366,input,50484,3950,0,5,30,38,21,6,1,0,0,0,0,0,0,0,0,1,0,0,0,0,1,0,1,0,0,0,1,1,0,0,0,0,0,0.056267,0.049025,0.035655,0.035655,0.072423,True,False,False,True,False,0,
lbu,lbum,alb,um,al,bum,0.075876,2022-05-24,339,album,63380,4809,0,5,26,35,24,9,1,1,1,0,0,0,0,0,0,0,0,0,1,1,0,0,0,0,0,0,0,1,0,0,0,0,0,0.088579,0.062396,0.017270,0.035655,0.030641,True,False,False,True,False,0,
nfe,nfer,inf,er,in,fer,0.087882,2022-12-08,537,infer,21199,1863,0,3,19,33,26,14,3,0,0,0,0,1,1,0,0,1,0,0,0,0,1,0,0,0,1,0,0,0,0,0,0,0,0,0.056267,0.049025,0.018384,0.102507,0.074652,True,False,False,True,False,0,
tom,tomp,sto,mp,st,omp,0.085855,2022-07-28,404,stomp,40650,3490,0,7,26,32,21,11,2,0,0,0,0,0,0,0,0,0,0,0,0,1,0,1,1,0,0,1,1,0,0,0,0,0,0,0.049025,0.072423,0.074095,0.030641,0.035655,False,False,True,False,False,0,
org,orge,gor,ge,go,rge,0.020912,2022-01-09,204,gorge,91477,1913,1,3,13,27,30,22,4,0,0,0,0,1,0,1,0,0,0,0,0,0,0,1,0,0,1,0,0,0,0,0,0,0,0,0.028412,0.074095,0.074652,0.028412,0.102507,False,True,False,False,True,0,
hac,hack,wha,ck,wh,ack,0.033614,2022-01-26,221,whack,302348,10163,1,4,22,37,24,10,2,1,0,1,0,0,0,0,1,0,0,1,0,0,0,0,0,0,0,0,0,0,0,1,0,0,0,0.016713,0.038997,0.088579,0.039554,0.019499,False,False,True,False,False,0,
urg,urge,pur,ge,pu,rge,0.054565,2022-03-23,277,purge,156785,8555,1,4,22,35,26,11,2,0,0,0,0,1,0,1,0,0,0,0,0,0,0,0,1,0,1,0,0,1,0,0,0,0,0,0.035655,0.035655,0.074652,0.028412,0.102507,False,True,False,False,True,0,
lac,lack,bla,ck,bl,ack,0.062531,2022-04-10,295,black,126241,7894,1,10,31,34,18,6,1,1,1,1,0,0,0,0,0,0,0,1,1,0,0,0,0,0,0,0,0,0,0,0,0,0,0,0.017270,0.062396,0.088579,0.039554,0.019499,False,False,True,False,False,0,
aul,aulk,cau,lk,ca,ulk,0.037070,2022-02-16,242,caulk,289721,10740,1,4,20,31,26,15,3,1,0,1,0,0,0,0,0,0,0,1,1,0,0,0,0,0,0,0,0,1,0,0,0,0,0,0.039554,0.088579,0.035655,0.062396,0.019499,False,True,True,False,False,0,
abe,abel,lab,el,la,bel,0.089947,2022-08-12,419,label,34198,3076,0,4,18,32,29,15,2,1,1,0,0,1,0,0,0,0,0,0,1,0,0,0,0,0,0,0,0,0,0,0,0,0,0,0.062396,0.088579,0.017270,0.102507,0.062396,False,True,False,True,False,0,
ibe,ibel,lib,el,li,bel,0.100811,2022-10-29,497,libel,25156,2536,0,3,15,32,32,16,2,0,1,0,0,1,0,0,0,1,0,0,1,0,0,0,0,0,0,0,0,0,0,0,0,0,0,0.062396,0.056267,0.017270,0.102507,0.062396,False,True,False,True,False,0,
lea,leat,ple,at,pl,eat,0.041184,2022-02-04,230,pleat,359679,14813,1,10,28,31,19,9,2,1,0,0,0,1,0,0,0,0,0,0,1,0,0,0,1,0,0,0,1,0,0,0,0,0,0,0.035655,0.062396,0.102507,0.088579,0.072423,False,False,True,True,False,0,
ata,atal,nat,al,na,tal,0.063466,2022-04-05,290,natal,121356,7702,0,2,14,32,32,17,3,1,0,0,0,0,0,0,0,0,0,0,1,0,1,0,0,0,0,0,1,0,0,0,0,0,0,0.049025,0.088579,0.072423,0.088579,0.062396,False,True,False,True,False,0,
eta,etal,met,al,me,tal,0.072243,2022-05-14,329,metal,73225,5290,1,10,31,34,18,7,1,1,0,0,0,1,0,0,0,0,0,0,1,1,0,0,0,0,0,0,1,0,0,0,0,0,0,0.030641,0.102507,0.072423,0.088579,0.062396,False,True,False,True,False,0,
rea,reat,tre,at,tr,eat,0.084952,2022-08-20,427,treat,38245,3249,1,22,32,26,14,5,1,1,0,0,0,1,0,0,0,0,0,0,0,0,0,0,0,0,1,0,1,0,0,0,0,0,0,0.072423,0.074652,0.102507,0.088579,0.072423,False,False,True,True,False,0,
mel,melt,sme,lt,sm,elt,0.050554,2022-03-14,268,smelt,185406,9373,0,5,19,33,28,13,2,0,0,0,0,1,0,0,0,0,0,0,1,1,0,0,0,0,0,1,1,0,0,0,0,0,0,0.049025,0.030641,0.102507,0.062396,0.072423,False,False,True,False,False,0,
hym,hyme,rhy,me,rh,yme,0.089608,2022-08-04,411,rhyme,37229,3336,0,4,22,39,25,8,1,0,0,0,0,1,0,0,1,0,0,0,0,1,0,0,0,0,1,0,0,0,0,0,0,1,0,0.074652,0.038997,0.033983,0.030641,0.102507,False,False,True,False,True,0,
hym,hyme,thy,me,th,yme,0.091407,2022-09-14,452,thyme,32142,2938,1,5,24,41,23,5,0,0,0,0,0,1,0,0,1,0,0,0,0,1,0,0,0,0,0,0,1,0,0,0,0,1,0,0.072423,0.038997,0.033983,0.030641,0.102507,False,False,True,False,True,0,
hem,heme,the,me,th,eme,0.090420,2022-09-09,447,theme,32172,2909,0,8,29,40,18,4,0,0,0,0,0,1,0,0,1,0,0,0,0,1,0,0,0,0,0,0,1,0,0,0,0,0,0,0.072423,0.038997,0.102507,0.030641,0.102507,False,False,True,False,True,0,
the,ther,oth,er,ot,her,0.039059,2022-02-21,247,other,278731,10887,1,9,26,30,21,10,2,0,0,0,0,1,0,0,1,0,0,0,0,0,0,1,0,0,1,0,1,0,0,0,0,0,0,0.074095,0.072423,0.038997,0.102507,0.074652,True,False,False,True,False,0,
mpl,mple,amp,le,am,ple,0.065691,2022-04-17,302,ample,106681,7008,0,4,20,35,27,11,2,1,0,0,0,1,0,0,0,0,0,0,1,1,0,0,1,0,0,0,0,0,0,0,0,0,0,0.088579,0.030641,0.035655,0.062396,0.102507,True,False,False,False,True,0,
apl,aple,map,le,ma,ple,0.092968,2022-11-14,513,maple,26536,2467,1,6,26,36,21,8,1,1,0,0,0,1,0,0,0,0,0,0,1,1,0,0,1,0,0,0,0,0,0,0,0,0,0,0.030641,0.088579,0.035655,0.062396,0.102507,False,True,False,False,True,0,
upe,upee,rup,ee,ru,pee,0.044046,2022-03-01,255,rupee,240137,10577,1,2,17,35,30,13,2,0,0,0,0,1,0,0,0,0,0,0,0,0,0,0,1,0,1,0,0,1,0,0,0,0,0,0.074652,0.035655,0.035655,0.102507,0.102507,False,True,False,True,True,0,
mbe,mber,amb,er,am,ber,0.096176,2022-12-06,535,amber,23509,2261,0,6,22,33,24,12,3,1,1,0,0,1,0,0,0,0,0,0,0,1,0,0,0,0,1,0,0,0,0,0,0,0,0,0.088579,0.030641,0.017270,0.102507,0.074652,True,False,False,True,False,0,
los,losh,slo,sh,sl,osh,0.054988,2022-03-22,276,slosh,160161,8807,0,2,19,36,27,13,2,0,0,0,0,0,0,0,1,0,0,0,1,0,0,1,0,0,0,1,0,0,0,0,0,0,0,0.049025,0.062396,0.074095,0.049025,0.038997,False,False,True,False,False,0,
ann,anny,can,ny,ca,nny,0.072479,2022-05-08,323,canny,72518,5256,0,2,10,30,34,20,4,1,0,1,0,0,0,0,0,0,0,0,0,0,1,0,0,0,0,0,0,0,0,0,0,1,0,0.039554,0.088579,0.049025,0.049025,0.033983,False,True,False,False,True,0,
dmi,dmit,adm,it,ad,mit,0.092329,2022-09-25,463,admit,28994,2677,0,10,25,34,22,8,1,1,0,0,1,0,0,0,0,1,0,0,0,1,0,0,0,0,0,0,1,0,0,0,0,0,0,0.088579,0.030084,0.030641,0.056267,0.072423,True,False,False,True,False,0,
aïv,aïve,naï,ve,na,ïve,0.094546,2022-12-11,540,naïve,21947,2075,1,7,24,32,24,11,1,1,0,0,0,1,0,0,0,0,0,0,0,0,1,0,0,0,0,0,0,0,1,0,0,0,0,0.049025,0.088579,0.000557,0.013928,0.102507,False,True,False,False,True,0,
hoo,hoop,who,op,wh,oop,0.090734,2022-09-05,443,whoop,32733,2970,0,1,16,47,29,7,1,0,0,0,0,0,0,0,1,0,0,0,0,0,0,1,1,0,0,0,0,0,0,1,0,0,0,0.016713,0.038997,0.074095,0.074095,0.035655,False,False,True,True,False,0,
ocu,ocus,foc,us,fo,cus,0.049806,2022-03-13,267,focus,179436,8937,1,4,23,36,24,10,1,0,0,1,0,0,1,0,0,0,0,0,0,0,0,1,0,0,0,1,0,1,0,0,0,0,0,0.018384,0.074095,0.039554,0.035655,0.049025,False,True,False,True,False,0,
alt,altz,wal,tz,wa,ltz,0.101167,2022-10-30,498,waltz,24672,2496,0,2,11,29,35,19,3,1,0,0,0,0,0,0,0,0,0,0,1,0,0,0,0,0,0,0,1,0,0,1,0,0,1,0.016713,0.088579,0.062396,0.072423,0.002786,False,True,False,False,False,0,
loa,loat,flo,at,fl,oat,0.076265,2022-06-12,358,float,56684,4323,1,12,30,32,18,6,1,1,0,0,0,0,1,0,0,0,0,0,1,0,0,1,0,0,0,0,1,0,0,0,0,0,0,0.018384,0.062396,0.074095,0.088579,0.072423,False,False,True,True,False,0,
loa,loat,glo,at,gl,oat,0.078625,2022-06-21,367,gloat,53342,4194,0,8,21,31,26,12,2,1,0,0,0,0,0,1,0,0,0,0,1,0,0,1,0,0,0,0,1,0,0,0,0,0,0,0.028412,0.062396,0.074095,0.088579,0.072423,False,False,True,True,False,0,
ang,angy,tan,gy,ta,ngy,0.023513,2022-01-14,209,tangy,169484,3985,1,4,21,30,24,15,5,1,0,0,0,0,0,1,0,0,0,0,0,0,1,0,0,0,0,0,1,0,0,0,0,1,0,0.072423,0.088579,0.049025,0.028412,0.033983,False,True,False,False,True,0,
igh,ight,lig,ht,li,ght,0.039105,2022-01-31,226,light,341314,13347,1,10,25,27,19,12,5,0,0,0,0,0,0,1,1,1,0,0,1,0,0,0,0,0,0,0,1,0,0,0,0,0,0,0.062396,0.056267,0.028412,0.038997,0.072423,False,True,False,False,False,0,
igh,ight,nig,ht,ni,ght,0.082498,2022-07-12,388,night,46910,3870,1,8,27,27,17,13,7,0,0,0,0,0,0,1,1,1,0,0,0,0,1,0,0,0,0,0,1,0,0,0,0,0,0,0.049025,0.056267,0.028412,0.038997,0.072423,False,True,False,False,False,0,
app,appy,hap,py,ha,ppy,0.093470,2022-11-27,526,happy,25206,2356,0,6,28,39,19,6,1,1,0,0,0,0,0,0,1,0,0,0,0,0,0,0,1,0,0,0,0,0,0,0,0,1,0,0.038997,0.088579,0.035655,0.035655,0.033983,False,True,False,False,True,0,
cou,cour,sco,ur,sc,our,0.074987,2022-05-18,333,scour,73933,5544,0,8,34,35,17,5,1,0,0,1,0,0,0,0,0,0,0,0,0,0,0,1,0,0,1,1,0,1,0,0,0,0,0,0.049025,0.039554,0.074095,0.035655,0.074652,False,False,True,True,False,0,
pad,pade,spa,de,sp,ade,0.093700,2022-10-16,484,spade,30459,2854,1,8,29,36,19,6,1,1,0,0,1,1,0,0,0,0,0,0,0,0,0,0,1,0,0,1,0,0,0,0,0,0,0,0.049025,0.035655,0.088579,0.030084,0.102507,False,False,True,False,True,0,
oft,ofty,lof,ty,lo,fty,0.094982,2022-09-10,448,lofty,29237,2777,0,4,19,34,27,13,3,0,0,0,0,0,1,0,0,0,0,0,1,0,0,1,0,0,0,0,1,0,0,0,0,1,0,0.062396,0.074095,0.018384,0.072423,0.033983,False,True,False,False,True,0,
wfu,wful,awf,ul,aw,ful,0.081037,2022-06-22,368,awful,47645,3861,0,5,21,33,27,12,2,1,0,0,0,0,1,0,0,0,0,0,1,0,0,0,0,0,0,0,0,1,0,1,0,0,0,0.088579,0.016713,0.018384,0.035655,0.062396,True,False,False,True,False,0,
ngr,ngry,ang,ry,an,gry,0.084655,2022-07-19,395,angry,39667,3358,0,5,27,38,21,7,1,1,0,0,0,0,0,1,0,0,0,0,0,0,1,0,0,0,1,0,0,0,0,0,0,1,0,0.088579,0.049025,0.028412,0.074652,0.033983,True,False,False,False,True,0,
eas,ease,tea,se,te,ase,0.049415,2022-03-15,269,tease,202855,10024,1,16,32,30,16,6,1,1,0,0,0,1,0,0,0,0,0,0,0,0,0,0,0,0,0,1,1,0,0,0,0,0,0,0.072423,0.102507,0.088579,0.049025,0.102507,False,True,True,False,True,0,
owd,owdy,how,dy,ho,wdy,0.093917,2022-10-09,477,howdy,28408,2668,0,2,13,32,32,17,4,0,0,0,1,0,0,0,1,0,0,0,0,0,0,1,0,0,0,0,0,0,0,1,0,1,0,0.038997,0.074095,0.016713,0.030084,0.033983,False,True,False,False,True,0,
loc,lock,flo,ck,fl,ock,0.083337,2022-07-18,394,flock,42574,3548,0,4,22,37,27,9,1,0,0,1,0,0,1,0,0,0,0,1,1,0,0,1,0,0,0,0,0,0,0,0,0,0,0,0.018384,0.062396,0.074095,0.039554,0.019499,False,False,True,False,False,0,
noc,nock,kno,ck,kn,ock,0.096469,2022-12-10,539,knock,21157,2041,0,3,18,43,27,8,1,0,0,1,0,0,0,0,0,0,0,1,0,0,1,1,0,0,0,0,0,0,0,0,0,0,0,0.019499,0.049025,0.074095,0.039554,0.019499,False,False,True,False,False,0,
ano,anor,man,or,ma,nor,0.076504,2022-05-31,346,manor,62768,4802,0,6,27,34,21,10,2,1,0,0,0,0,0,0,0,0,0,0,0,1,1,1,0,0,1,0,0,0,0,0,0,0,0,0.030641,0.088579,0.049025,0.074095,0.074652,False,True,False,True,False,0,
ono,onor,don,or,do,nor,0.076986,2022-06-13,359,donor,53802,4142,0,3,27,38,23,7,1,0,0,0,1,0,0,0,0,0,0,0,0,0,1,1,0,0,1,0,0,0,0,0,0,0,0,0.030084,0.074095,0.049025,0.074095,0.074652,False,True,False,True,False,0,
ugg,uggy,bug,gy,bu,ggy,0.091780,2022-08-05,412,buggy,37350,3428,0,1,9,29,34,22,5,0,1,0,0,0,0,1,0,0,0,0,0,0,0,0,0,0,0,0,0,1,0,0,0,1,0,0.017270,0.035655,0.028412,0.028412,0.033983,False,True,False,False,True,0,
ogg,oggy,sog,gy,so,ggy,0.093206,2022-09-27,465,soggy,30985,2888,0,2,18,38,28,11,2,0,0,0,0,0,0,1,0,0,0,0,0,0,0,1,0,0,0,1,0,0,0,0,0,1,0,0.049025,0.074095,0.028412,0.028412,0.033983,False,True,False,False,True,0,
ogg,oggy,fog,gy,fo,ggy,0.097296,2022-10-25,493,foggy,28953,2817,0,2,13,35,32,15,3,0,0,0,0,0,1,1,0,0,0,0,0,0,0,1,0,0,0,0,0,0,0,0,0,1,0,0.018384,0.074095,0.028412,0.028412,0.033983,False,True,False,False,True,0,
lik,like,ali,ke,al,ike,0.090897,2022-09-20,458,alike,31277,2843,0,6,20,33,27,12,2,1,0,0,0,1,0,0,0,1,0,1,1,0,0,0,0,0,0,0,0,0,0,0,0,0,0,0.088579,0.062396,0.056267,0.019499,0.102507,True,False,True,False,True,0,
ain,ainy,rai,ny,ra,iny,0.092396,2022-11-09,508,rainy,28984,2678,1,16,38,31,11,3,1,1,0,0,0,0,0,0,0,1,0,0,0,0,1,0,0,0,1,0,0,0,0,0,0,1,0,0.074652,0.088579,0.056267,0.049025,0.033983,False,True,True,False,True,0,
epo,epot,dep,ot,de,pot,0.057005,2022-03-25,279,depot,150197,8562,0,5,29,36,20,7,1,0,0,0,1,1,0,0,0,0,0,0,0,0,0,1,1,0,0,0,1,0,0,0,0,0,0,0.030084,0.102507,0.035655,0.074095,0.072423,False,True,False,True,False,0,
una,unar,lun,ar,lu,nar,0.091794,2022-12-21,550,lunar,22180,2036,0,5,32,40,17,4,0,1,0,0,0,0,0,0,0,0,0,0,1,0,1,0,0,0,1,0,0,1,0,0,0,0,0,0.062396,0.035655,0.049025,0.088579,0.074652,False,True,False,True,False,0,
qua,qual,equ,al,eq,ual,0.098430,2022-10-13,481,equal,27197,2677,0,5,23,35,25,11,2,1,0,0,0,1,0,0,0,0,0,0,1,0,0,0,0,1,0,0,0,1,0,0,0,0,0,0.102507,0.002786,0.035655,0.088579,0.062396,True,False,True,True,False,0,
sua,sual,usu,al,us,ual,0.098348,2022-12-14,543,usual,20824,2048,0,3,20,39,27,10,1,1,0,0,0,0,0,0,0,0,0,0,1,0,0,0,0,0,0,1,0,1,0,0,0,0,0,0.035655,0.049025,0.035655,0.088579,0.062396,True,False,True,True,False,0,
pro,pron,apr,on,ap,ron,0.076961,2022-06-16,362,apron,53430,4112,0,7,30,38,19,5,1,1,0,0,0,0,0,0,0,0,0,0,0,0,1,1,1,0,1,0,0,0,0,0,0,0,0,0.088579,0.035655,0.074652,0.074095,0.049025,True,False,False,True,False,0,
rim,rimo,pri,mo,pr,imo,0.078426,2022-06-15,361,primo,55989,4391,0,3,22,38,25,10,2,0,0,0,0,0,0,0,0,1,0,0,0,1,0,1,1,0,1,0,0,0,0,0,0,0,0,0.035655,0.074652,0.056267,0.030641,0.074095,False,False,True,False,True,0,
ale,alet,val,et,va,let,0.095539,2022-11-12,511,valet,24660,2356,0,4,22,38,25,9,1,1,0,0,0,1,0,0,0,0,0,0,1,0,0,0,0,0,0,0,1,0,1,0,0,0,0,0.013928,0.088579,0.062396,0.102507,0.072423,False,True,False,True,False,0,
ars,arsh,mar,sh,ma,rsh,0.093260,2022-10-05,473,marsh,30935,2885,0,9,30,35,19,6,1,1,0,0,0,0,0,0,1,0,0,0,0,1,0,0,0,0,1,0,0,0,0,0,1,0,0,0.030641,0.088579,0.074652,0.049025,0.038997,False,True,False,False,False,0,
ola,olar,sol,ar,so,lar,0.023639,2022-01-16,211,solar,209609,4955,1,9,32,32,18,7,1,1,0,0,0,0,0,0,0,0,0,0,1,0,0,1,0,0,1,1,0,0,0,0,0,0,0,0.049025,0.074095,0.062396,0.088579,0.074652,False,True,False,True,False,0,
ola,olar,mol,ar,mo,lar,0.093048,2022-12-30,559,molar,21204,1973,0,4,21,38,26,9,1,1,0,0,0,0,0,0,0,0,0,0,1,1,0,1,0,0,1,0,0,0,0,0,0,0,0,0.030641,0.074095,0.062396,0.088579,0.074652,False,True,False,True,False,0,
unk,unky,hun,ky,hu,nky,0.090288,2022-08-13,420,hunky,35276,3185,0,1,11,33,25,22,7,0,0,0,0,0,0,0,1,0,0,1,0,0,1,0,0,0,0,0,0,1,0,0,0,1,0,0.038997,0.035655,0.049025,0.019499,0.033983,False,True,False,False,True,0,
egi,egin,beg,in,be,gin,0.093463,2022-11-07,506,begin,26096,2439,0,6,26,36,23,7,1,0,1,0,0,1,0,1,0,1,0,0,0,0,1,0,0,0,0,0,0,0,0,0,0,0,0,0.017270,0.102507,0.028412,0.056267,0.049025,False,True,False,True,False,0,
aut,aute,sau,te,sa,ute,0.051738,2022-03-18,272,saute,179830,9304,1,8,31,34,19,6,1,1,0,0,0,1,0,0,0,0,0,0,0,0,0,0,0,0,0,1,1,1,0,0,0,0,0,0.049025,0.088579,0.035655,0.072423,0.102507,False,True,True,False,True,0,
hut,hute,chu,te,ch,ute,0.091956,2022-09-17,455,chute,33418,3073,0,11,37,36,12,3,0,0,0,1,0,1,0,0,1,0,0,0,0,0,0,0,0,0,0,0,1,1,0,0,0,0,0,0.039554,0.038997,0.035655,0.072423,0.102507,False,False,True,False,True,0,
car,care,sca,re,sc,are,0.063829,2022-04-08,293,scare,141158,9010,1,12,23,26,21,13,4,1,0,1,0,1,0,0,0,0,0,0,0,0,0,0,0,0,1,1,0,0,0,0,0,0,0,0.049025,0.039554,0.088579,0.074652,0.102507,False,False,True,False,True,0,
bbe,bbey,abb,ey,ab,bey,0.025202,2022-01-13,208,abbey,132726,3345,1,2,13,29,31,20,3,1,1,0,0,1,0,0,0,0,0,0,0,0,0,0,0,0,0,0,0,0,0,0,0,1,0,0.088579,0.017270,0.017270,0.102507,0.033983,True,False,False,True,True,0,
tal,tale,sta,le,st,ale,0.096981,2022-11-06,505,stale,31068,3013,2,19,30,27,15,6,2,1,0,0,0,1,0,0,0,0,0,0,1,0,0,0,0,0,0,1,1,0,0,0,0,0,0,0.049025,0.072423,0.088579,0.062396,0.102507,False,False,True,False,True,0,
rai,rait,tra,it,tr,ait,0.075492,2022-06-08,354,trait,61026,4607,0,6,22,35,24,11,2,1,0,0,0,0,0,0,0,1,0,0,0,0,0,0,0,0,1,0,1,0,0,0,0,0,0,0.072423,0.074652,0.088579,0.056267,0.072423,False,False,True,True,False,0,
mpe,mpel,imp,el,im,pel,0.096081,2022-12-28,557,impel,20160,1937,0,3,21,40,25,9,1,0,0,0,0,1,0,0,0,1,0,0,1,1,0,0,1,0,0,0,0,0,0,0,0,0,0,0.056267,0.030641,0.035655,0.102507,0.062396,True,False,False,True,False,0,
our,ourn,mou,rn,mo,urn,0.043601,2022-03-03,257,mourn,240018,10465,1,8,29,34,19,8,1,0,0,0,0,0,0,0,0,0,0,0,0,1,1,1,0,0,1,0,0,1,0,0,0,0,0,0.030641,0.074095,0.035655,0.074652,0.049025,False,True,True,False,False,0,
ada,adam,mad,am,ma,dam,0.084597,2022-07-11,387,madam,40545,3430,0,3,13,35,34,14,2,1,0,0,1,0,0,0,0,0,0,0,0,1,0,0,0,0,0,0,0,0,0,0,0,0,0,0.030641,0.088579,0.030084,0.088579,0.030641,False,True,False,True,False,0,
rom,roma,aro,ma,ar,oma,0.035934,2022-02-15,241,aroma,287836,10343,1,6,25,33,22,11,2,1,0,0,0,0,0,0,0,0,0,0,0,1,0,1,0,0,1,0,0,0,0,0,0,0,0,0.088579,0.074652,0.074095,0.030641,0.088579,True,False,True,False,True,0,
ton,tone,ato,ne,at,one,0.079409,2022-06-14,360,atone,59968,4762,2,16,34,29,14,4,1,1,0,0,0,1,0,0,0,0,0,0,0,0,1,1,0,0,0,0,1,0,0,0,0,0,0,0.088579,0.072423,0.074095,0.049025,0.102507,True,False,True,False,True,0,
umo,umor,hum,or,hu,mor,0.045341,2022-02-09,235,humor,305372,13846,1,5,22,34,25,11,2,0,0,0,0,0,0,0,1,0,0,0,0,1,0,1,0,0,1,0,0,1,0,0,0,0,0,0.038997,0.035655,0.030641,0.074095,0.074652,False,True,False,True,False,0,
rin,rink,dri,nk,dr,ink,0.019606,2022-01-11,206,drink,153880,3017,1,9,35,34,16,5,1,0,0,0,1,0,0,0,0,1,0,1,0,0,1,0,0,0,1,0,0,0,0,0,0,0,0,0.030084,0.074652,0.056267,0.049025,0.019499,False,False,True,False,False,0,
rin,rink,bri,nk,br,ink,0.077536,2022-06-23,369,brink,53111,4118,0,4,22,41,24,7,1,0,1,0,0,0,0,0,0,1,0,1,0,0,1,0,0,0,1,0,0,0,0,0,0,0,0,0.017270,0.074652,0.056267,0.049025,0.019499,False,False,True,False,False,0,
ibi,ibia,tib,ia,ti,bia,0.095923,2022-09-11,449,tibia,27887,2675,0,1,14,40,30,12,2,1,1,0,0,0,0,0,0,1,0,0,0,0,0,0,0,0,0,0,1,0,0,0,0,0,0,0.072423,0.056267,0.017270,0.056267,0.088579,False,True,False,True,True,0,
eed,eedy,nee,dy,ne,edy,0.086855,2022-08-24,431,needy,33700,2927,0,2,21,41,26,9,1,0,0,0,1,1,0,0,0,0,0,0,0,0,1,0,0,0,0,0,0,0,0,0,0,1,0,0.049025,0.102507,0.102507,0.030084,0.033983,False,True,True,False,True,0,
oye,oyer,foy,er,fo,yer,0.075281,2022-04-19,304,foyer,108899,8198,0,2,10,19,19,23,26,0,0,0,0,1,1,0,0,0,0,0,0,0,0,1,0,0,1,0,0,0,0,0,0,1,0,0.018384,0.074095,0.033983,0.102507,0.074652,False,True,True,True,False,0,
rat,rate,gra,te,gr,ate,0.093877,2022-09-24,462,grate,32777,3077,1,14,29,28,16,8,3,1,0,0,0,1,0,1,0,0,0,0,0,0,0,0,0,0,1,0,1,0,0,0,0,0,0,0.028412,0.074652,0.088579,0.072423,0.102507,False,False,True,False,True,0,
lat,late,sla,te,sl,ate,0.093118,2022-12-19,548,slate,26010,2422,6,14,33,27,13,5,1,1,0,0,0,1,0,0,0,0,0,0,1,0,0,0,0,0,0,1,1,0,0,0,0,0,0,0.049025,0.062396,0.088579,0.072423,0.102507,False,False,True,False,True,0,
how,hown,sho,wn,sh,own,0.066325,2022-04-27,312,shown,98967,6564,0,6,26,36,22,8,1,0,0,0,0,0,0,0,1,0,0,0,0,0,1,1,0,0,0,1,0,0,0,1,0,0,0,0.049025,0.038997,0.074095,0.016713,0.049025,False,False,True,False,False,0,
low,lown,blo,wn,bl,own,0.077765,2022-06-17,363,blown,54665,4251,0,6,23,35,26,10,1,0,1,0,0,0,0,0,0,0,0,0,1,0,1,1,0,0,0,0,0,0,0,1,0,0,0,0.017270,0.062396,0.074095,0.016713,0.049025,False,False,True,False,False,0,
low,lown,clo,wn,cl,own,0.086425,2022-08-25,432,clown,36737,3175,1,8,29,36,20,6,1,0,0,1,0,0,0,0,0,0,0,0,1,0,1,1,0,0,0,0,0,0,0,1,0,0,0,0.039554,0.062396,0.074095,0.016713,0.049025,False,False,True,False,False,0,
ips,ipsy,tip,sy,ti,psy,0.071174,2022-05-13,328,tipsy,77585,5522,0,6,33,38,17,5,1,0,0,0,0,0,0,0,0,1,0,0,0,0,0,0,1,0,0,1,1,0,0,0,0,1,0,0.072423,0.056267,0.035655,0.049025,0.033983,False,True,False,False,True,0,
ast,asty,nas,ty,na,sty,0.042024,2022-03-02,256,nasty,257304,10813,1,7,26,31,21,11,2,1,0,0,0,0,0,0,0,0,0,0,0,0,1,0,0,0,0,1,1,0,0,0,0,1,0,0.049025,0.088579,0.049025,0.072423,0.033983,False,True,False,False,True,0,
est,esty,zes,ty,ze,sty,0.070976,2022-04-28,313,zesty,88974,6315,0,2,12,27,30,22,7,0,0,0,0,1,0,0,0,0,0,0,0,0,0,0,0,0,0,1,1,0,0,0,0,1,1,0.002786,0.102507,0.049025,0.072423,0.033983,False,True,False,False,True,0,
ust,usty,rus,ty,ru,sty,0.078375,2022-06-26,372,rusty,50450,3954,0,9,37,34,13,5,1,0,0,0,0,0,0,0,0,0,0,0,0,0,0,0,0,0,1,1,1,1,0,0,0,1,0,0.074652,0.035655,0.049025,0.072423,0.033983,False,True,False,False,True,0,
nan,nane,ina,ne,in,ane,0.100259,2022-11-13,512,inane,25085,2515,0,8,25,30,21,13,3,1,0,0,0,1,0,0,0,1,0,0,0,0,1,0,0,0,0,0,0,0,0,0,0,0,0,0.056267,0.049025,0.088579,0.049025,0.102507,True,False,True,False,True,0,
etr,etro,ret,ro,re,tro,0.080190,2022-06-27,373,retro,47986,3848,0,6,24,35,24,9,1,0,0,0,0,1,0,0,0,0,0,0,0,0,0,1,0,0,1,0,1,0,0,0,0,0,0,0.074652,0.102507,0.072423,0.074652,0.074095,False,True,False,False,True,0,
nar,narl,sna,rl,sn,arl,0.096451,2022-11-15,514,snarl,27475,2650,0,5,21,31,24,15,4,1,0,0,0,0,0,0,0,0,0,0,1,0,1,0,0,0,1,1,0,0,0,0,0,0,0,0.049025,0.049025,0.088579,0.074652,0.062396,False,False,True,False,False,0,
ous,oust,jou,st,jo,ust,0.095907,2022-12-07,536,joust,24899,2388,0,6,29,34,21,8,2,0,0,0,0,0,0,0,0,0,1,0,0,0,0,1,0,0,0,1,1,1,0,0,0,0,0,0.002228,0.074095,0.035655,0.049025,0.072423,False,True,True,False,False,0,
irt,irth,gir,th,gi,rth,0.077724,2022-06-09,355,girth,60020,4665,0,6,23,33,23,12,3,0,0,0,0,0,0,1,1,1,0,0,0,0,0,0,0,0,1,0,1,0,0,0,0,0,0,0.028412,0.056267,0.074652,0.072423,0.038997,False,True,False,False,False,0,
ert,erth,ber,th,be,rth,0.083619,2022-07-10,386,berth,41785,3494,0,7,24,35,24,9,1,0,1,0,0,1,0,0,1,0,0,0,0,0,0,0,0,0,1,0,1,0,0,0,0,0,0,0.017270,0.102507,0.074652,0.072423,0.038997,False,True,False,False,False,0,
rai,raid,bra,id,br,aid,0.091582,2022-12-09,538,braid,23640,2165,0,10,36,35,14,3,0,1,1,0,1,0,0,0,0,1,0,0,0,0,0,0,0,0,1,0,0,0,0,0,0,0,0,0.017270,0.074652,0.088579,0.056267,0.030084,False,False,True,True,False,0,
iel,ield,yie,ld,yi,eld,0.073948,2022-05-15,330,yield,67115,4963,0,4,16,29,29,18,4,0,0,0,1,1,0,0,0,1,0,0,1,0,0,0,0,0,0,0,0,0,0,0,0,1,0,0.033983,0.056267,0.102507,0.062396,0.030084,True,True,True,False,False,0,
iel,ield,fie,ld,fi,eld,0.080847,2022-07-05,381,field,44578,3604,1,6,25,36,23,9,1,0,0,0,1,1,1,0,0,1,0,0,1,0,0,0,0,0,0,0,0,0,0,0,0,0,0,0.018384,0.056267,0.102507,0.062396,0.030084,False,True,True,False,False,0,
ris,risk,bri,sk,br,isk,0.090961,2022-09-26,464,brisk,31706,2884,0,5,23,38,24,7,1,0,1,0,0,0,0,0,0,1,0,1,0,0,0,0,0,0,1,1,0,0,0,0,0,0,0,0.017270,0.074652,0.056267,0.049025,0.019499,False,False,True,False,False,0,
rai,rain,tra,in,tr,ain,0.067220,2022-05-04,319,train,107750,7243,6,26,32,22,10,3,0,1,0,0,0,0,0,0,0,1,0,0,0,0,1,0,0,0,1,0,1,0,0,0,0,0,0,0.072423,0.074652,0.088579,0.056267,0.049025,False,False,True,True,False,0,
arr,arry,car,ry,ca,rry,0.094715,2022-10-27,495,carry,27609,2615,0,4,22,35,24,12,3,1,0,1,0,0,0,0,0,0,0,0,0,0,0,0,0,0,1,0,0,0,0,0,0,1,0,0.039554,0.088579,0.074652,0.074652,0.033983,False,True,False,False,True,0,
atc,atch,wat,ch,wa,tch,0.054783,2022-03-11,265,watch,226349,12400,1,6,14,18,17,24,20,1,0,1,0,0,0,0,1,0,0,0,0,0,0,0,0,0,0,0,1,0,0,1,0,0,0,0.016713,0.088579,0.072423,0.039554,0.038997,False,True,False,False,False,0,
utc,utch,hut,ch,hu,tch,0.085000,2022-06-30,376,hutch,44212,3758,0,1,12,28,28,21,9,0,0,1,0,0,0,0,1,0,0,0,0,0,0,0,0,0,0,0,1,1,0,0,0,0,0,0.038997,0.035655,0.072423,0.039554,0.038997,False,True,False,False,False,0,
atc,atch,cat,ch,ca,tch,0.102720,2022-10-15,483,catch,30403,3123,0,7,18,20,15,16,23,1,0,1,0,0,0,0,1,0,0,0,0,0,0,0,0,0,0,0,1,0,0,0,0,0,0,0.039554,0.088579,0.072423,0.039554,0.038997,False,True,False,False,False,0,
haf,hafe,cha,fe,ch,afe,0.095066,2022-12-02,531,chafe,24646,2343,0,6,30,33,19,9,2,1,0,1,0,1,1,0,1,0,0,0,0,0,0,0,0,0,0,0,0,0,0,0,0,0,0,0.039554,0.038997,0.088579,0.018384,0.102507,False,False,True,False,True,0,
iar,iara,tia,ra,ti,ara,0.075839,2022-05-27,342,tiara,63846,4842,0,8,36,33,17,6,1,1,0,0,0,0,0,0,0,1,0,0,0,0,0,0,0,0,1,0,1,0,0,0,0,0,0,0.072423,0.056267,0.088579,0.074652,0.088579,False,True,True,False,True,0,
auz,auze,gau,ze,ga,uze,0.094857,2022-08-28,435,gauze,30214,2866,0,2,11,24,31,25,8,1,0,0,0,1,0,1,0,0,0,0,0,0,0,0,0,0,0,0,0,1,0,0,0,0,1,0.028412,0.088579,0.035655,0.002786,0.102507,False,True,True,False,True,0,
igo,igor,vig,or,vi,gor,0.098197,2022-10-08,476,vigor,26905,2642,0,2,15,35,31,14,2,0,0,0,0,0,0,1,0,1,0,0,0,0,0,1,0,0,1,0,0,0,1,0,0,0,0,0.013928,0.056267,0.028412,0.074095,0.074652,False,True,False,True,False,0,
rox,roxy,pro,xy,pr,oxy,0.028088,2022-01-18,213,proxy,220950,6206,1,2,11,24,31,26,6,0,0,0,0,0,0,0,0,0,0,0,0,0,0,1,1,0,1,0,0,0,0,0,1,1,0,0.035655,0.074652,0.074095,0.003900,0.033983,False,False,True,False,True,0,
pox,poxy,epo,xy,ep,oxy,0.062713,2022-03-26,280,epoxy,149507,9376,0,2,13,31,33,18,3,0,0,0,0,1,0,0,0,0,0,0,0,0,0,1,1,0,0,0,0,0,0,0,1,1,0,0.102507,0.035655,0.074095,0.003900,0.033983,True,False,True,False,True,0,
iet,iety,pie,ty,pi,ety,0.078084,2022-06-10,356,piety,55376,4324,0,4,25,41,22,7,1,0,0,0,0,1,0,0,0,1,0,0,0,0,0,0,1,0,0,0,1,0,0,0,0,1,0,0.035655,0.056267,0.102507,0.072423,0.033983,False,True,True,False,True,0,
hee,heek,che,ek,ch,eek,0.065147,2022-04-16,301,cheek,107987,7035,0,3,19,40,28,9,1,0,0,1,0,1,0,0,1,0,0,1,0,0,0,0,0,0,0,0,0,0,0,0,0,0,0,0.039554,0.038997,0.102507,0.102507,0.019499,False,False,True,True,False,0,
ner,nert,ine,rt,in,ert,0.069193,2022-04-24,309,inert,97452,6743,0,7,27,34,22,9,1,0,0,0,0,1,0,0,0,1,0,0,0,0,1,0,0,0,1,0,1,0,0,0,0,0,0,0.056267,0.049025,0.102507,0.074652,0.072423,True,False,True,False,False,0,
ver,vert,ave,rt,av,ert,0.096974,2022-11-19,518,avert,24749,2400,0,7,26,35,22,9,1,1,0,0,0,1,0,0,0,0,0,0,0,0,0,0,0,0,1,0,1,0,1,0,0,0,0,0.088579,0.013928,0.102507,0.074652,0.072423,True,False,True,False,False,0,
ila,ilac,lil,ac,li,lac,0.085486,2022-07-03,379,lilac,40486,3461,0,2,17,38,29,12,1,1,0,1,0,0,0,0,0,1,0,0,1,0,0,0,0,0,0,0,0,0,0,0,0,0,0,0.062396,0.056267,0.062396,0.088579,0.039554,False,True,False,True,False,0,
kil,kill,ski,ll,sk,ill,0.044100,2022-02-06,232,skill,311018,13716,1,3,17,33,27,16,3,0,0,0,0,0,0,0,0,1,0,1,1,0,0,0,0,0,0,1,0,0,0,0,0,0,0,0.049025,0.019499,0.056267,0.062396,0.062396,False,False,True,False,False,0,
wil,will,swi,ll,sw,ill,0.039816,2022-02-19,245,swill,282327,11241,1,1,8,19,31,30,10,0,0,0,0,0,0,0,0,1,0,0,1,0,0,0,0,0,0,1,0,0,0,1,0,0,0,0.049025,0.016713,0.056267,0.062396,0.062396,False,False,True,False,False,0,
pil,pill,spi,ll,sp,ill,0.040614,2022-02-26,252,spill,248363,10087,1,5,26,34,22,10,2,0,0,0,0,0,0,0,0,1,0,0,1,0,0,0,1,0,0,1,0,0,0,0,0,0,0,0.049025,0.035655,0.056267,0.062396,0.062396,False,False,True,False,False,0,
ept,epth,dep,th,de,pth,0.076298,2022-06-05,351,depth,56738,4329,0,6,28,39,20,6,1,0,0,0,1,1,0,0,1,0,0,0,0,0,0,0,1,0,0,0,1,0,0,0,0,0,0,0.030084,0.102507,0.035655,0.072423,0.038997,False,True,False,False,False,0,
ids,idst,mid,st,mi,dst,0.070281,2022-05-07,322,midst,74458,5233,0,3,25,39,24,9,1,0,0,0,1,0,0,0,0,1,0,0,0,1,0,0,0,0,0,1,1,0,0,0,0,0,0,0.030641,0.056267,0.030084,0.049025,0.072423,False,True,False,False,False,0,
pie,piel,spi,el,sp,iel,0.096617,2022-10-22,490,spiel,29084,2810,0,7,32,36,19,6,1,0,0,0,0,1,0,0,0,1,0,0,1,0,0,0,1,0,0,1,0,0,0,0,0,0,0,0.049025,0.035655,0.056267,0.102507,0.062396,False,False,True,True,False,0,
ran,rank,cra,nk,cr,ank,0.017369,2022-01-08,203,crank,101503,1763,1,5,23,31,24,14,2,1,0,1,0,0,0,0,0,0,0,1,0,0,1,0,0,0,1,0,0,0,0,0,0,0,0,0.039554,0.074652,0.088579,0.049025,0.019499,False,False,True,False,False,0,
aca,acao,cac,ao,ca,cao,0.086876,2022-06-18,364,cacao,47205,4101,0,1,9,27,36,23,4,1,0,1,0,0,0,0,0,0,0,0,0,0,0,1,0,0,0,0,0,0,0,0,0,0,0,0.039554,0.088579,0.039554,0.088579,0.074095,False,True,False,True,True,0,
ani,anic,pan,ic,pa,nic,0.022610,2022-01-15,210,panic,205880,4655,1,9,35,34,16,5,1,1,0,1,0,0,0,0,0,1,0,0,0,0,1,0,1,0,0,0,0,0,0,0,0,0,0,0.035655,0.088579,0.049025,0.056267,0.039554,False,True,False,True,False,0,
yni,ynic,cyn,ic,cy,nic,0.039549,2022-02-14,240,cynic,261521,10343,1,6,25,33,22,11,2,0,0,1,0,0,0,0,0,1,0,0,0,0,1,0,0,0,0,0,0,0,0,0,0,1,0,0.039554,0.033983,0.049025,0.056267,0.039554,False,True,False,True,False,0,
oni,onic,ion,ic,io,nic,0.101094,2022-10-12,480,ionic,29151,2947,0,2,13,25,28,21,11,0,0,1,0,0,0,0,0,1,0,0,0,0,1,1,0,0,0,0,0,0,0,0,0,0,0,0.056267,0.074095,0.049025,0.056267,0.039554,True,True,False,True,False,0,
eck,ecko,gec,ko,ge,cko,0.073765,2022-05-10,325,gecko,74412,5489,0,2,16,38,29,12,2,0,0,1,0,1,0,1,0,0,0,1,0,0,0,1,0,0,0,0,0,0,0,0,0,0,0,0.028412,0.102507,0.039554,0.019499,0.074095,False,True,False,False,True,0,
ond,ondo,con,do,co,ndo,0.096365,2022-12-27,556,condo,20879,2012,0,2,17,35,29,14,3,0,0,1,1,0,0,0,0,0,0,0,0,0,1,1,0,0,0,0,0,0,0,0,0,0,0,0.039554,0.074095,0.049025,0.030084,0.074095,False,True,False,False,True,0,
erk,erky,per,ky,pe,rky,0.037539,2022-01-28,223,perky,296968,11148,1,4,17,30,27,17,4,0,0,0,0,1,0,0,0,0,0,1,0,0,0,0,1,0,1,0,0,0,0,0,0,1,0,0.035655,0.102507,0.074652,0.019499,0.033983,False,True,False,False,True,0,
int,into,pin,to,pi,nto,0.080257,2022-07-01,377,pinto,47248,3792,0,5,25,41,22,6,1,0,0,0,0,0,0,0,0,1,0,0,0,0,1,1,1,0,0,0,1,0,0,0,0,0,0,0.035655,0.056267,0.049025,0.072423,0.074095,False,True,False,False,True,0,
ort,orta,aor,ta,ao,rta,0.096276,2022-12-23,552,aorta,21937,2112,0,7,26,35,20,10,3,1,0,0,0,0,0,0,0,0,0,0,0,0,0,1,0,0,1,0,1,0,0,0,0,0,0,0.088579,0.074095,0.074652,0.072423,0.088579,True,True,False,False,True,0,
har,hard,sha,rd,sh,ard,0.040787,2022-02-03,229,shard,358176,14609,1,7,22,28,25,14,4,1,0,0,1,0,0,0,1,0,0,0,0,0,0,0,0,0,1,1,0,0,0,0,0,0,0,0.049025,0.038997,0.088579,0.074652,0.030084,False,False,True,False,False,0,
oar,oard,hoa,rd,ho,ard,0.044937,2022-03-07,261,hoard,218595,9823,1,9,30,34,19,7,1,1,0,0,1,0,0,0,1,0,0,0,0,0,0,1,0,0,1,0,0,0,0,0,0,0,0,0.038997,0.074095,0.088579,0.074652,0.030084,False,True,True,False,False,0,
hos,hose,tho,se,th,ose,0.038690,2022-02-01,227,those,351663,13606,1,13,34,30,15,6,1,0,0,0,0,1,0,0,1,0,0,0,0,0,0,1,0,0,0,1,1,0,0,0,0,0,0,0.072423,0.038997,0.074095,0.049025,0.102507,False,False,True,False,True,0,
oos,oose,goo,se,go,ose,0.078660,2022-06-11,357,goose,51958,4087,0,2,12,28,32,21,5,0,0,0,0,1,0,1,0,0,0,0,0,0,0,1,0,0,0,1,0,0,0,0,0,0,0,0.028412,0.074095,0.074095,0.049025,0.102507,False,True,True,False,True,0,
wee,weet,swe,et,sw,eet,0.047076,2022-03-08,262,sweet,207473,9767,1,5,18,31,28,15,2,0,0,0,0,1,0,0,0,0,0,0,0,0,0,0,0,0,0,1,1,0,0,1,0,0,0,0.049025,0.016713,0.102507,0.102507,0.072423,False,False,True,True,False,0,
hak,hake,sha,ke,sh,ake,0.037330,2022-02-17,243,shake,342003,12767,1,6,16,23,24,21,9,1,0,0,0,1,0,0,1,0,0,1,0,0,0,0,0,0,0,1,0,0,0,0,0,0,0,0.049025,0.038997,0.088579,0.019499,0.102507,False,False,True,False,True,0,
uir,uirk,qui,rk,qu,irk,0.098651,2022-10-19,487,quirk,28322,2794,0,3,23,39,24,9,2,0,0,0,0,0,0,0,0,1,0,1,0,0,0,0,0,1,1,0,0,1,0,0,0,0,0,0.002786,0.035655,0.056267,0.074652,0.019499,False,True,True,False,False,0,
ing,inge,hin,ge,hi,nge,0.073851,2022-05-23,338,hinge,66431,4906,0,5,25,37,22,9,2,0,0,0,0,1,0,1,1,1,0,0,0,0,1,0,0,0,0,0,0,0,0,0,0,0,0,0.038997,0.056267,0.049025,0.028412,0.102507,False,True,False,False,True,0,
ske,skew,ask,ew,as,kew,0.071536,2022-04-25,310,askew,91548,6549,0,3,13,29,32,19,4,1,0,0,0,1,0,0,0,0,0,1,0,0,0,0,0,0,0,1,0,0,0,1,0,0,0,0.088579,0.049025,0.019499,0.102507,0.016713,True,False,False,True,False,0,
rea,ream,dre,am,dr,eam,0.092492,2022-11-05,504,dream,29743,2751,5,14,31,29,15,4,1,1,0,0,1,1,0,0,0,0,0,0,0,1,0,0,0,0,1,0,0,0,0,0,0,0,0,0.030084,0.074652,0.102507,0.088579,0.030641,False,False,True,True,False,0,
nou,nout,sno,ut,sn,out,0.061619,2022-04-01,286,snout,144648,8913,1,4,19,27,26,18,5,0,0,0,0,0,0,0,0,0,0,0,0,0,1,1,0,0,0,1,1,1,0,0,0,0,0,0.049025,0.049025,0.074095,0.035655,0.072423,False,False,True,True,False,0,
lou,lout,flo,ut,fl,out,0.096597,2022-10-26,494,flout,30063,2904,0,6,28,37,21,7,1,0,0,0,0,0,1,0,0,0,0,0,1,0,0,1,0,0,0,0,1,1,0,0,0,0,0,0.018384,0.062396,0.074095,0.035655,0.072423,False,False,True,True,False,0,
ymp,ymph,nym,ph,ny,mph,0.060042,2022-03-27,281,nymph,165468,9935,1,2,18,44,26,26,9,0,0,0,0,0,0,0,1,0,0,0,0,1,1,0,1,0,0,0,0,0,0,0,0,1,0,0.049025,0.033983,0.030641,0.035655,0.038997,False,True,False,False,False,0,
hor,horn,tho,rn,th,orn,0.038563,2022-02-22,248,thorn,306356,11814,1,14,38,30,12,4,0,0,0,0,0,0,0,0,1,0,0,0,0,0,1,1,0,0,1,0,1,0,0,0,0,0,0,0.072423,0.038997,0.074095,0.074652,0.049025,False,False,True,False,False,0,
rea,reak,cre,ak,cr,eak,0.075853,2022-06-01,347,creak,63241,4797,0,5,21,32,25,14,3,1,0,1,0,1,0,0,0,0,0,1,0,0,0,0,0,0,1,0,0,0,0,0,0,0,0,0.039554,0.074652,0.102507,0.088579,0.019499,False,False,True,True,False,0,
cor,corn,sco,rn,sc,orn,0.091567,2022-09-30,468,scorn,31223,2859,0,8,31,35,20,6,1,0,0,1,0,0,0,0,0,0,0,0,0,0,1,1,0,0,1,1,0,0,0,0,0,0,0,0.049025,0.039554,0.074095,0.074652,0.049025,False,False,True,False,False,0,
nea,neak,sne,ak,sn,eak,0.094463,2022-10-28,496,sneak,27905,2636,0,7,28,36,21,7,1,1,0,0,0,1,0,0,0,0,0,1,0,0,1,0,0,0,0,1,0,0,0,0,0,0,0,0.049025,0.049025,0.102507,0.088579,0.019499,False,False,True,True,False,0,
avo,avoc,hav,oc,ha,voc,0.095945,2022-12-29,558,havoc,20001,1919,0,2,16,38,30,12,2,1,0,1,0,0,0,0,1,0,0,0,0,0,0,1,0,0,0,0,0,0,1,0,0,0,0,0.038997,0.088579,0.013928,0.074095,0.039554,False,True,False,True,False,0,
haw,hawl,sha,wl,sh,awl,0.061264,2022-04-04,289,shawl,129651,7943,0,3,16,31,30,16,3,1,0,0,0,0,0,0,1,0,0,0,1,0,0,0,0,0,0,1,0,0,0,1,0,0,0,0.049025,0.038997,0.088579,0.016713,0.062396,False,False,True,False,False,0,
ene,enew,ren,ew,re,new,0.054308,2022-03-20,274,renew,154987,8417,0,4,20,33,27,13,2,0,0,0,0,1,0,0,0,0,0,0,0,0,1,0,0,0,1,0,0,0,0,1,0,0,0,0.074652,0.102507,0.049025,0.102507,0.016713,False,True,False,True,False,0,
rov,rove,tro,ve,tr,ove,0.041109,2022-02-23,249,trove,277576,11411,1,5,16,24,25,22,8,0,0,0,0,1,0,0,0,0,0,0,0,0,0,1,0,0,1,0,1,0,1,0,0,0,0,0.072423,0.074652,0.074095,0.013928,0.102507,False,False,True,False,True,0,
tov,tove,sto,ve,st,ove,0.058923,2022-03-30,284,stove,158139,9318,0,5,16,24,27,21,6,0,0,0,0,1,0,0,0,0,0,0,0,0,0,1,0,0,0,1,1,0,1,0,0,0,0,0.049025,0.072423,0.074095,0.013928,0.102507,False,False,True,False,True,0,
rov,rove,gro,ve,gr,ove,0.097566,2022-10-21,489,grove,28637,2794,0,4,18,30,28,17,3,0,0,0,0,1,0,1,0,0,0,0,0,0,0,1,0,0,1,0,0,0,1,0,0,0,0,0.028412,0.074652,0.074095,0.013928,0.102507,False,False,True,False,True,0,
one,oney,mon,ey,mo,ney,0.072568,2022-05-22,337,money,67909,4928,1,7,26,36,21,8,1,0,0,0,0,1,0,0,0,0,0,0,0,1,1,1,0,0,0,0,0,0,0,0,0,1,0,0.030641,0.074095,0.049025,0.102507,0.033983,False,True,False,True,True,0,
ine,iney,pin,ey,pi,ney,0.133336,2022-11-01,500,piney,27502,3667,0,1,14,37,33,14,2,0,0,0,0,1,0,0,0,1,0,0,0,0,1,0,1,0,0,0,0,0,0,0,0,1,0,0.035655,0.056267,0.049025,0.102507,0.033983,False,True,False,True,True,0,
arc,arce,far,ce,fa,rce,0.071596,2022-05-11,326,farce,79446,5688,0,9,26,32,21,9,1,1,0,1,0,1,1,0,0,0,0,0,0,0,0,0,0,0,1,0,0,0,0,0,0,0,0,0.018384,0.088579,0.074652,0.039554,0.102507,False,True,False,False,True,0,
xio,xiom,axi,om,ax,iom,0.098073,2022-11-21,520,axiom,24288,2382,0,5,19,33,27,13,3,1,0,0,0,0,0,0,0,1,0,0,0,1,0,1,0,0,0,0,0,0,0,0,1,0,0,0.088579,0.003900,0.056267,0.074095,0.030641,True,False,True,True,False,0,
hak,haki,kha,ki,kh,aki,0.093770,2022-08-14,421,khaki,31652,2968,0,2,17,33,28,16,4,1,0,0,0,0,0,0,1,1,0,1,0,0,0,0,0,0,0,0,0,0,0,0,0,0,0,0.019499,0.038997,0.088579,0.019499,0.056267,False,False,True,False,True,0,
hea,head,ahe,ad,ah,ead,0.046120,2022-03-04,258,ahead,203730,9396,1,5,20,35,26,12,2,1,0,0,1,1,0,0,1,0,0,0,0,0,0,0,0,0,0,0,0,0,0,0,0,0,0,0.088579,0.038997,0.102507,0.088579,0.030084,True,False,True,True,False,0,
tea,tead,ste,ad,st,ead,0.083514,2022-07-09,385,stead,47094,3933,1,6,20,27,28,16,3,1,0,0,1,1,0,0,0,0,0,0,0,0,0,0,0,0,0,1,1,0,0,0,0,0,0,0.049025,0.072423,0.102507,0.088579,0.030084,False,False,True,True,False,0,
lot,loth,clo,th,cl,oth,0.045340,2022-03-06,260,cloth,218595,9911,1,8,33,34,17,7,1,0,0,1,0,0,0,0,1,0,0,0,1,0,0,1,0,0,0,0,1,0,0,0,0,0,0,0.039554,0.062396,0.074095,0.072423,0.038997,False,False,True,False,False,0,
ate,ater,cat,er,ca,ter,0.051566,2022-03-16,270,cater,217856,11234,1,7,19,22,19,18,15,1,0,1,0,1,0,0,0,0,0,0,0,0,0,0,0,0,1,0,1,0,0,0,0,0,0,0.039554,0.088579,0.072423,0.102507,0.074652,False,True,False,True,False,0,
rot,roth,fro,th,fr,oth,0.076069,2022-06-04,350,froth,58263,4432,0,5,22,35,25,11,1,0,0,0,0,0,1,0,1,0,0,0,0,0,0,1,0,0,1,0,1,0,0,0,0,0,0,0.018384,0.074652,0.074095,0.072423,0.038997,False,False,True,False,False,0,
nte,nter,int,er,in,ter,0.090230,2022-09-04,442,inter,32018,2889,0,6,25,36,23,8,1,0,0,0,0,1,0,0,0,1,0,0,0,0,1,0,0,0,1,0,1,0,0,0,0,0,0,0.056267,0.049025,0.072423,0.102507,0.074652,True,False,False,True,False,0,
lot,loth,slo,th,sl,oth,0.091846,2022-10-06,474,sloth,32522,2987,1,10,38,34,13,3,0,0,0,0,0,0,0,0,1,0,0,0,1,0,0,1,0,0,0,1,1,0,0,0,0,0,0,0.049025,0.062396,0.074095,0.072423,0.038997,False,False,True,False,False,0,
han,hant,cha,nt,ch,ant,0.041683,2022-02-27,253,chant,250413,10438,1,9,33,33,16,7,1,1,0,1,0,0,0,0,1,0,0,0,0,0,1,0,0,0,0,0,1,0,0,0,0,0,0,0.039554,0.038997,0.088579,0.049025,0.072423,False,False,True,False,False,0,
lan,lant,pla,nt,pl,ant,0.064840,2022-04-22,307,plant,119232,7731,2,19,39,28,10,3,0,1,0,0,0,0,0,0,0,0,0,0,1,0,1,0,1,0,0,0,1,0,0,0,0,0,0,0.035655,0.062396,0.088579,0.049025,0.072423,False,False,True,False,False,0,
rim,rime,pri,me,pr,ime,0.092357,2022-11-22,521,prime,27437,2534,1,10,26,32,21,9,1,0,0,0,0,1,0,0,0,1,0,0,0,1,0,0,1,0,1,0,0,0,0,0,0,0,0,0.035655,0.074652,0.056267,0.030641,0.102507,False,False,True,False,True,0,
ewe,ewer,few,er,fe,wer,0.063686,2022-04-03,288,fewer,124532,7931,0,2,10,24,32,26,6,0,0,0,0,1,1,0,0,0,0,0,0,0,0,0,0,0,1,0,0,0,0,1,0,0,0,0.018384,0.102507,0.016713,0.102507,0.074652,False,True,False,True,False,0,
owe,ower,pow,er,po,wer,0.085424,2022-07-24,400,power,39813,3401,2,6,19,29,24,15,4,0,0,0,0,1,0,0,0,0,0,0,0,0,0,1,1,0,1,0,0,0,0,1,0,0,0,0.035655,0.074095,0.016713,0.102507,0.074652,False,True,False,True,False,0,
hal,hall,sha,ll,sh,all,0.056980,2022-03-29,283,shall,149070,8494,0,3,17,30,28,17,4,1,0,0,0,0,0,0,1,0,0,0,1,0,0,0,0,0,0,1,0,0,0,0,0,0,0,0.049025,0.038997,0.088579,0.062396,0.062396,False,False,True,False,False,0,
elv,elve,del,ve,de,lve,0.075773,2022-05-16,331,delve,68349,5179,0,2,14,32,33,16,2,0,0,0,1,1,0,0,0,0,0,0,1,0,0,0,0,0,0,0,0,0,1,0,0,0,0,0.030084,0.102507,0.062396,0.013928,0.102507,False,True,False,False,True,0,
out,outh,you,th,yo,uth,0.086684,2022-08-03,410,youth,38381,3327,1,5,17,31,29,15,3,0,0,0,0,0,0,0,1,0,0,0,0,0,0,1,0,0,0,0,1,1,0,0,0,1,0,0.033983,0.074095,0.035655,0.072423,0.038997,True,True,True,False,False,0,
qua,quad,squ,ad,sq,uad,0.065885,2022-04-11,296,squad,109828,7236,0,3,20,33,27,14,2,1,0,0,1,0,0,0,0,0,0,0,0,0,0,0,0,1,0,1,0,1,0,0,0,0,0,0.049025,0.002786,0.035655,0.088579,0.030084,False,False,True,True,False,0,
xid,xide,oxi,de,ox,ide,0.071053,2022-04-21,306,oxide,97955,6960,0,2,11,30,33,21,4,0,0,0,1,1,0,0,0,1,0,0,0,0,0,1,0,0,0,0,0,0,0,0,1,0,0,0.074095,0.003900,0.056267,0.030084,0.102507,True,False,True,False,True,0,
umm,ummy,mum,my,mu,mmy,0.103180,2022-10-23,491,mummy,29279,3021,0,1,4,14,27,37,18,0,0,0,0,0,0,0,0,0,0,0,0,1,0,0,0,0,0,0,0,1,0,0,0,1,0,0.030641,0.035655,0.030641,0.030641,0.033983,False,True,False,False,True,0,
rob,robe,pro,be,pr,obe,0.094517,2022-12-16,545,probe,22853,2160,0,6,24,32,24,11,3,0,1,0,0,1,0,0,0,0,0,0,0,0,0,1,1,0,1,0,0,0,0,0,0,0,0,0.035655,0.074652,0.074095,0.017270,0.102507,False,False,True,False,True,0,
lde,lder,eld,er,el,der,0.046283,2022-02-07,233,elder,288228,13340,1,3,13,24,30,24,5,0,0,0,1,1,0,0,0,0,0,0,1,0,0,0,0,0,1,0,0,0,0,0,0,0,0,0.102507,0.062396,0.030084,0.102507,0.074652,True,False,False,True,False,0,
ude,uder,rud,er,ru,der,0.089114,2022-08-27,434,ruder,31241,2784,0,2,16,33,29,16,4,0,0,0,1,1,0,0,0,0,0,0,0,0,0,0,0,0,1,0,0,1,0,0,0,0,0,0.074652,0.035655,0.030084,0.102507,0.074652,False,True,False,True,False,0,
rop,rope,tro,pe,tr,ope,0.060066,2022-04-02,287,trope,155079,9315,1,16,33,28,15,6,1,0,0,0,0,1,0,0,0,0,0,0,0,0,0,1,1,0,1,0,1,0,0,0,0,0,0,0.072423,0.074652,0.074095,0.035655,0.102507,False,False,True,False,True,0,
how,howy,sho,wy,sh,owy,0.077842,2022-06-02,348,showy,61278,4770,0,2,16,37,30,13,2,0,0,0,0,0,0,0,1,0,0,0,0,0,0,1,0,0,0,1,0,0,0,1,0,1,0,0.049025,0.038997,0.074095,0.016713,0.033983,False,False,True,False,True,0,
lop,lope,elo,pe,el,ope,0.085118,2022-07-25,401,elope,39228,3339,0,4,22,32,26,13,2,0,0,0,0,1,0,0,0,0,0,0,1,0,0,1,1,0,0,0,0,0,0,0,0,0,0,0.102507,0.062396,0.074095,0.035655,0.102507,True,False,True,False,True,0,
pel,pell,spe,ll,sp,ell,0.093007,2022-11-08,507,spell,27213,2531,0,4,24,37,24,9,1,0,0,0,0,1,0,0,0,0,0,0,1,0,0,0,1,0,0,1,0,0,0,0,0,0,0,0.049025,0.035655,0.102507,0.062396,0.062396,False,False,True,False,False,0,
oom,oomy,roo,my,ro,omy,0.084604,2022-07-16,392,roomy,38769,3280,0,2,17,41,28,10,2,0,0,0,0,0,0,0,0,0,0,0,0,1,0,1,0,0,1,0,0,0,0,0,0,1,0,0.074652,0.074095,0.074095,0.030641,0.033983,False,True,True,False,True,0,
ung,ungi,fun,gi,fu,ngi,0.091778,2022-09-01,439,fungi,31903,2928,0,2,18,41,28,9,1,0,0,0,0,0,1,1,0,1,0,0,0,0,1,0,0,0,0,0,0,1,0,0,0,0,0,0.018384,0.035655,0.049025,0.028412,0.056267,False,True,False,False,True,0,
jec,ject,eje,ct,ej,ect,0.097225,2022-12-01,530,eject,22628,2200,0,2,11,35,36,14,2,0,0,1,0,1,0,0,0,0,1,0,0,0,0,0,0,0,0,0,1,0,0,0,0,0,0,0.102507,0.002228,0.102507,0.039554,0.072423,True,False,True,False,False,0,
tch,tchy,itc,hy,it,chy,0.096252,2022-11-25,524,itchy,24197,2329,0,8,28,40,18,5,1,0,0,1,0,0,0,0,1,1,0,0,0,0,0,0,0,0,0,0,1,0,0,0,0,1,0,0.056267,0.072423,0.039554,0.038997,0.033983,True,False,False,False,True,0,
awk,awky,gaw,ky,ga,wky,0.086691,2022-06-29,375,gawky,45645,3957,0,1,5,22,33,28,10,1,0,0,0,0,0,1,0,0,0,1,0,0,0,0,0,0,0,0,0,0,0,1,0,1,0,0.028412,0.088579,0.016713,0.019499,0.033983,False,True,False,False,True,0,
ove,oven,wov,en,wo,ven,0.087424,2022-08-23,430,woven,33549,2933,0,2,13,32,32,17,3,0,0,0,0,1,0,0,0,0,0,0,0,0,1,1,0,0,0,0,0,0,1,1,0,0,0,0.016713,0.074095,0.013928,0.102507,0.049025,False,True,False,True,False,0,
ast,aste,was,te,wa,ste,0.089452,2022-08-21,428,waste,35617,3186,1,7,19,27,24,17,5,1,0,0,0,1,0,0,0,0,0,0,0,0,0,0,0,0,0,1,1,0,0,1,0,0,0,0.016713,0.088579,0.049025,0.072423,0.102507,False,True,False,False,True,0,
oin,oint,poi,nt,po,int,0.025280,2022-01-19,214,point,280622,7094,1,16,37,28,12,4,1,0,0,0,0,0,0,0,0,1,0,0,0,0,1,1,1,0,0,0,1,0,0,0,0,0,0,0.035655,0.074095,0.056267,0.049025,0.072423,False,True,True,False,False,0,
ain,aint,sai,nt,sa,int,0.090524,2022-09-22,460,saint,34455,3119,1,14,35,29,15,5,1,1,0,0,0,0,0,0,0,1,0,0,0,0,1,0,0,0,0,1,1,0,0,0,0,0,0,0.049025,0.088579,0.056267,0.049025,0.072423,False,True,True,False,False,0,
hir,hire,shi,re,sh,ire,0.025383,2022-01-17,212,shire,222197,5640,1,8,32,32,18,8,2,0,0,0,0,1,0,0,1,1,0,0,0,0,0,0,0,0,1,1,0,0,0,0,0,0,0,0.049025,0.038997,0.056267,0.074652,0.102507,False,False,True,False,True,0,
eda,edal,med,al,me,dal,0.093794,2022-11-11,510,medal,25993,2438,0,5,25,38,23,8,1,1,0,0,1,1,0,0,0,0,0,0,1,1,0,0,0,0,0,0,0,0,0,0,0,0,0,0.030641,0.102507,0.030084,0.088579,0.062396,False,True,False,True,False,0,
aps,apse,lap,se,la,pse,0.047682,2022-03-10,264,lapse,208884,9960,0,8,31,34,19,7,1,1,0,0,0,1,0,0,0,0,0,0,1,0,0,0,1,0,0,1,0,0,0,0,0,0,0,0.062396,0.088579,0.035655,0.049025,0.102507,False,True,False,False,True,0,
oul,ould,cou,ld,co,uld,0.037009,2022-01-29,224,could,313220,11592,1,7,29,35,20,8,1,0,0,1,1,0,0,0,0,0,0,0,1,0,0,1,0,0,0,0,0,1,0,0,0,0,0,0.039554,0.074095,0.035655,0.062396,0.030084,False,True,True,False,False,0,
aci,acit,tac,it,ta,cit,0.040592,2022-02-20,246,tacit,273306,11094,1,4,21,32,26,14,3,1,0,1,0,0,0,0,0,1,0,0,0,0,0,0,0,0,0,0,1,0,0,0,0,0,0,0.072423,0.088579,0.039554,0.056267,0.072423,False,True,False,True,False,0,
avo,avor,fav,or,fa,vor,0.022335,2022-01-12,207,favor,137586,3073,1,4,15,26,29,21,4,1,0,0,0,0,1,0,0,0,0,0,0,0,0,1,0,0,1,0,0,0,1,0,0,0,0,0.018384,0.088579,0.013928,0.074095,0.074652,False,True,False,True,False,0,
tai,tair,sta,ir,st,air,0.063609,2022-04-09,294,stair,134210,8537,2,21,36,26,11,4,1,1,0,0,0,0,0,0,0,1,0,0,0,0,0,0,0,0,1,1,1,0,0,0,0,0,0,0.049025,0.072423,0.088579,0.056267,0.074652,False,False,True,True,False,0,
lai,lair,fla,ir,fl,air,0.065321,2022-04-18,303,flair,112383,7341,1,8,30,36,18,6,1,1,0,0,0,0,1,0,0,1,0,0,1,0,0,0,0,0,1,0,0,0,0,0,0,0,0,0.018384,0.062396,0.088579,0.056267,0.074652,False,False,True,True,False,0,
lph,lpha,alp,ha,al,pha,0.091738,2022-09-13,451,alpha,29497,2706,0,3,19,40,28,9,1,1,0,0,0,0,0,0,1,0,0,0,1,0,0,0,1,0,0,0,0,0,0,0,0,0,0,0.088579,0.062396,0.035655,0.038997,0.088579,True,False,False,False,True,0,
njo,njoy,enj,oy,en,joy,0.098742,2022-10-10,478,enjoy,26878,2654,0,3,12,29,33,20,3,0,0,0,0,1,0,0,0,0,1,0,0,0,1,1,0,0,0,0,0,0,0,0,0,1,0,0.102507,0.049025,0.002228,0.074095,0.033983,True,False,False,True,True,0,
oug,ough,bou,gh,bo,ugh,0.095583,2022-10-04,472,bough,32014,3060,0,3,17,35,28,13,3,0,1,0,0,0,0,1,1,0,0,0,0,0,0,1,0,0,0,0,0,1,0,0,0,0,0,0.017270,0.074095,0.035655,0.028412,0.038997,False,True,True,False,False,0,
ull,ully,gul,ly,gu,lly,0.092238,2022-09-03,441,gully,31191,2877,0,1,9,27,31,25,7,0,0,0,0,0,0,1,0,0,0,0,1,0,0,0,0,0,0,0,0,1,0,0,0,1,0,0.028412,0.035655,0.062396,0.062396,0.033983,False,True,False,False,True,0,
hir,hird,thi,rd,th,ird,0.093674,2022-12-20,549,third,24137,2261,1,10,47,32,9,2,0,0,0,0,1,0,0,0,1,1,0,0,0,0,0,0,0,0,1,0,1,0,0,0,0,0,0,0.072423,0.038997,0.056267,0.074652,0.030084,False,False,True,False,False,0,
sur,surp,usu,rp,us,urp,0.095902,2022-09-28,466,usurp,31355,3007,0,3,21,38,26,9,1,0,0,0,0,0,0,0,0,0,0,0,0,0,0,0,1,0,1,1,0,1,0,0,0,0,0,0.035655,0.049025,0.035655,0.074652,0.035655,True,False,True,False,False,0,
hes,hest,che,st,ch,est,0.055115,2022-03-24,278,chest,169066,9318,1,14,35,31,14,5,1,0,0,1,0,1,0,0,1,0,0,0,0,0,0,0,0,0,0,1,1,0,0,0,0,0,0,0.039554,0.038997,0.102507,0.049025,0.072423,False,False,True,False,False,0,
uar,uart,qua,rt,qu,art,0.090093,2022-08-01,408,quart,36662,3303,0,5,20,33,27,13,2,1,0,0,0,0,0,0,0,0,0,0,0,0,0,0,0,1,1,0,1,1,0,0,0,0,0,0.002786,0.035655,0.088579,0.074652,0.072423,False,True,True,False,False,0,
oub,oubt,dou,bt,do,ubt,0.090301,2022-09-15,453,doubt,33344,3011,1,12,32,34,16,4,0,0,1,0,1,0,0,0,0,0,0,0,0,0,0,1,0,0,0,0,1,1,0,0,0,0,0,0.030084,0.074095,0.035655,0.017270,0.072423,False,True,True,False,False,0,
rim,rimp,cri,mp,cr,imp,0.028267,2022-01-23,218,crimp,269929,7630,1,5,28,38,20,7,1,0,0,1,0,0,0,0,0,1,0,0,0,1,0,0,1,0,1,0,0,0,0,0,0,0,0,0.039554,0.074652,0.056267,0.030641,0.035655,False,False,True,False,False,0,
iva,ival,riv,al,ri,val,0.095915,2022-12-15,544,rival,22176,2127,0,7,27,35,22,8,1,1,0,0,0,0,0,0,0,1,0,0,1,0,0,0,0,0,1,0,0,0,1,0,0,0,0,0.074652,0.056267,0.013928,0.088579,0.062396,False,True,False,True,False,0,
ric,rick,pri,ck,pr,ick,0.027067,2022-01-21,216,prick,273727,7409,1,8,30,33,19,7,1,0,0,1,0,0,0,0,0,1,0,1,0,0,0,0,1,0,1,0,0,0,0,0,0,0,0,0.035655,0.074652,0.056267,0.039554,0.019499,False,False,True,False,False,0,
tic,tick,sti,ck,st,ick,0.091777,2022-09-18,456,stick,33102,3038,1,9,36,35,14,4,0,0,0,1,0,0,0,0,0,1,0,1,0,0,0,0,0,0,0,1,1,0,0,0,0,0,0,0.049025,0.072423,0.056267,0.039554,0.019499,False,False,True,False,False,0,
ltr,ltra,ult,ra,ul,tra,0.034496,2022-02-12,238,ultra,269885,9310,1,7,23,34,24,10,1,1,0,0,0,0,0,0,0,0,0,0,1,0,0,0,0,0,1,0,1,1,0,0,0,0,0,0.035655,0.062396,0.072423,0.074652,0.088579,True,False,False,False,True,0,
xtr,xtra,ext,ra,ex,tra,0.100424,2022-12-25,554,extra,15554,1562,1,5,20,35,28,10,1,1,0,0,0,1,0,0,0,0,0,0,0,0,0,0,0,0,1,0,1,0,0,0,1,0,0,0.102507,0.003900,0.072423,0.074652,0.088579,True,False,False,False,True,0,
lce,lcer,ulc,er,ul,cer,0.038128,2022-02-11,237,ulcer,278826,10631,1,4,18,30,28,16,3,0,0,1,0,1,0,0,0,0,0,0,1,0,0,0,0,0,1,0,0,1,0,0,0,0,0,0.035655,0.062396,0.039554,0.102507,0.074652,True,False,False,True,False,0,
ali,alid,val,id,va,lid,0.096308,2022-10-11,479,valid,28575,2752,0,4,28,38,21,8,1,1,0,0,1,0,0,0,0,1,0,0,1,0,0,0,0,0,0,0,0,0,1,0,0,0,0,0.013928,0.088579,0.062396,0.056267,0.030084,False,True,False,True,False,0,
oic,oice,voi,ce,vo,ice,0.081390,2022-07-08,384,voice,42806,3484,1,5,24,35,25,9,1,0,0,1,0,1,0,0,0,1,0,0,0,0,0,1,0,0,0,0,0,0,1,0,0,0,0,0.013928,0.074095,0.056267,0.039554,0.102507,False,True,True,False,True,0,
wic,wice,twi,ce,tw,ice,0.088594,2022-08-17,424,twice,35815,3173,1,6,28,38,21,6,1,0,0,1,0,1,0,0,0,1,0,0,0,0,0,0,0,0,0,0,1,0,0,1,0,0,0,0.072423,0.016713,0.056267,0.039554,0.102507,False,False,True,False,True,0,
ric,rice,tri,ce,tr,ice,0.097860,2022-09-19,457,trice,35050,3430,0,5,24,25,18,17,11,0,0,1,0,1,0,0,0,1,0,0,0,0,0,0,0,0,1,0,1,0,0,0,0,0,0,0.072423,0.074652,0.056267,0.039554,0.102507,False,False,True,False,True,0,
mea,mear,sme,ar,sm,ear,0.088066,2022-08-07,414,smear,36223,3190,0,2,16,39,29,12,2,1,0,0,0,1,0,0,0,0,0,0,0,1,0,0,0,0,1,1,0,0,0,0,0,0,0,0.049025,0.030641,0.102507,0.088579,0.074652,False,False,True,True,False,0,
oke,oker,pok,er,po,ker,0.089891,2022-08-15,422,poker,35376,3180,0,4,17,30,27,17,5,0,0,0,0,1,0,0,0,0,0,1,0,0,0,1,1,0,1,0,0,0,0,0,0,0,0,0.035655,0.074095,0.019499,0.102507,0.074652,False,True,False,True,False,0,
hru,hrug,shr,ug,sh,rug,0.087943,2022-08-19,426,shrug,33965,2987,0,4,23,36,26,10,1,0,0,0,0,0,0,1,1,0,0,0,0,0,0,0,0,0,1,1,0,1,0,0,0,0,0,0.049025,0.038997,0.074652,0.035655,0.028412,False,False,False,True,False,0,
ake,aker,bak,er,ba,ker,0.099351,2022-11-16,515,baker,25576,2541,0,5,16,23,24,22,10,1,1,0,0,1,0,0,0,0,0,1,0,0,0,0,0,0,1,0,0,0,0,0,0,0,0,0.017270,0.088579,0.019499,0.102507,0.074652,False,True,False,True,False,0,
eri,erit,mer,it,me,rit,0.087021,2022-08-22,429,merit,35888,3123,0,7,33,37,17,5,0,0,0,0,0,1,0,0,0,1,0,0,0,1,0,0,0,0,1,0,1,0,0,0,0,0,0,0.030641,0.102507,0.074652,0.056267,0.072423,False,True,False,True,False,0,
eca,ecap,rec,ap,re,cap,0.090693,2022-09-21,459,recap,31976,2900,0,5,30,35,21,8,1,1,0,1,0,1,0,0,0,0,0,0,0,0,0,0,1,0,1,0,0,0,0,0,0,0,0,0.074652,0.102507,0.039554,0.088579,0.035655,False,True,False,True,False,0,
ndu,ndue,und,ue,un,due,0.097561,2022-11-29,528,undue,23739,2316,0,3,19,35,29,13,2,0,0,0,1,1,0,0,0,0,0,0,0,0,1,0,0,0,0,0,0,1,0,0,0,0,0,0.035655,0.049025,0.030084,0.035655,0.102507,True,False,False,True,True,0,
ora,oray,for,ay,fo,ray,0.064325,2022-04-07,292,foray,117761,7575,0,2,14,31,31,19,4,1,0,0,0,0,1,0,0,0,0,0,0,0,0,1,0,0,1,0,0,0,0,0,0,1,0,0.018384,0.074095,0.074652,0.088579,0.033983,False,True,False,True,True,0,
ram,ramp,cra,mp,cr,amp,0.085834,2022-07-31,407,cramp,39250,3369,1,8,26,33,19,10,2,1,0,1,0,0,0,0,0,0,0,0,0,1,0,0,1,0,1,0,0,0,0,0,0,0,0,0.039554,0.074652,0.088579,0.030641,0.035655,False,False,True,False,False,0,
obo,obot,rob,ot,ro,bot,0.027008,2022-01-20,215,robot,243964,6589,1,8,29,34,20,8,1,0,1,0,0,0,0,0,0,0,0,0,0,0,0,1,0,0,1,0,1,0,0,0,0,0,0,0.074652,0.074095,0.017270,0.074095,0.072423,False,True,False,True,False,0,
ouc,ouch,vou,ch,vo,uch,0.077085,2022-05-25,340,vouch,62723,4835,0,2,9,25,33,24,6,0,0,1,0,0,0,0,1,0,0,0,0,0,0,1,0,0,0,0,0,1,1,0,0,0,0,0.013928,0.074095,0.035655,0.039554,0.038997,False,True,True,False,False,0,
loo,loom,glo,om,gl,oom,0.077773,2022-06-06,352,gloom,58478,4548,0,2,14,35,35,13,1,0,0,0,0,0,0,1,0,0,0,0,1,1,0,1,0,0,0,0,0,0,0,0,0,0,0,0.028412,0.062396,0.074095,0.074095,0.030641,False,False,True,True,False,0,
lyp,lyph,gly,ph,gl,yph,0.099254,2022-11-18,517,glyph,29208,2899,0,2,23,49,20,5,1,0,0,0,0,0,0,1,1,0,0,0,1,0,0,0,1,0,0,0,0,0,0,0,0,1,0,0.028412,0.062396,0.033983,0.035655,0.038997,False,False,True,False,False,0,
lie,lien,ali,en,al,ien,0.087408,2022-08-06,413,alien,38841,3395,3,17,31,29,15,4,0,1,0,0,0,1,0,0,0,1,0,0,1,0,1,0,0,0,0,0,0,0,0,0,0,0,0,0.088579,0.062396,0.056267,0.102507,0.049025,True,False,True,True,False,0,
odg,odge,dod,ge,do,dge,0.038531,2022-02-18,244,dodge,265238,10220,1,3,15,29,27,19,7,0,0,0,1,1,0,1,0,0,0,0,0,0,0,1,0,0,0,0,0,0,0,0,0,0,0,0.030084,0.074095,0.030084,0.028412,0.102507,False,True,False,False,True,0,
adg,adge,bad,ge,ba,dge,0.071856,2022-05-06,321,badge,76292,5482,0,4,20,35,26,12,2,1,1,0,1,1,0,1,0,0,0,0,0,0,0,0,0,0,0,0,0,0,0,0,0,0,0,0.017270,0.088579,0.030084,0.028412,0.102507,False,True,False,False,True,0,
edg,edge,wed,ge,we,dge,0.085462,2022-07-15,391,wedge,39234,3353,0,2,11,32,37,17,2,0,0,0,1,1,0,1,0,0,0,0,0,0,0,0,0,0,0,0,0,0,0,1,0,0,0,0.016713,0.102507,0.030084,0.028412,0.102507,False,True,False,False,True,0,
idg,idge,mid,ge,mi,dge,0.084609,2022-07-23,399,midge,36769,3111,0,2,18,39,28,10,2,0,0,0,1,1,0,1,0,1,0,0,0,1,0,0,0,0,0,0,0,0,0,0,0,0,0,0.030641,0.056267,0.030084,0.028412,0.102507,False,True,False,False,True,0,
udg,udge,jud,ge,ju,dge,0.102094,2022-12-26,555,judge,20011,2043,0,2,8,16,26,33,14,0,0,0,1,1,0,1,0,0,1,0,0,0,0,0,0,0,0,0,0,1,0,0,0,0,0,0.002228,0.035655,0.030084,0.028412,0.102507,False,True,False,False,True,0,
tor,tory,sto,ry,st,ory,0.068275,2022-05-02,317,story,95643,6530,1,10,23,29,24,11,2,0,0,0,0,0,0,0,0,0,0,0,0,0,0,1,0,0,1,1,1,0,0,0,0,1,0,0.049025,0.072423,0.074095,0.074652,0.033983,False,False,True,False,True,0,
lor,lory,glo,ry,gl,ory,0.091815,2022-09-23,461,glory,31509,2893,0,6,30,39,19,5,0,0,0,0,0,0,0,1,0,0,0,0,1,0,0,1,0,0,1,0,0,0,0,0,0,1,0,0.028412,0.062396,0.074095,0.074652,0.033983,False,False,True,False,True,0,
arv,arva,lar,va,la,rva,0.073714,2022-04-30,315,larva,77991,5749,0,2,10,25,35,23,4,1,0,0,0,0,0,0,0,0,0,0,1,0,0,0,0,0,1,0,0,0,1,0,0,0,0,0.062396,0.088579,0.074652,0.013928,0.088579,False,True,False,False,True,0,
har,harm,cha,rm,ch,arm,0.088148,2022-09-02,440,charm,35724,3149,1,12,32,34,16,5,1,1,0,1,0,0,0,0,1,0,0,0,0,1,0,0,0,0,1,0,0,0,0,0,0,0,0,0.039554,0.038997,0.088579,0.074652,0.030641,False,False,True,False,False,0,
las,lass,gla,ss,gl,ass,0.072786,2022-05-19,334,glass,70920,5162,0,4,19,33,27,14,3,1,0,0,0,0,0,1,0,0,0,0,1,0,0,0,0,0,0,1,0,0,0,0,0,0,0,0.028412,0.062396,0.088579,0.049025,0.049025,False,False,True,False,False,0,
las,lass,cla,ss,cl,ass,0.093893,2022-09-08,446,class,31962,3001,0,4,21,32,22,13,7,1,0,1,0,0,0,0,0,0,0,0,1,0,0,0,0,0,0,1,0,0,0,0,0,0,0,0.039554,0.062396,0.088579,0.049025,0.049025,False,False,True,False,False,0,
eav,eave,lea,ve,le,ave,0.095596,2022-10-01,469,leave,28202,2696,0,4,16,34,31,12,1,1,0,0,0,1,0,0,0,0,0,0,1,0,0,0,0,0,0,0,0,0,1,0,0,0,0,0.062396,0.102507,0.088579,0.013928,0.102507,False,True,True,False,True,0,
rav,rave,bra,ve,br,ave,0.095875,2022-11-20,519,brave,24991,2396,1,6,17,27,27,18,5,1,1,0,0,1,0,0,0,0,0,0,0,0,0,0,0,0,1,0,0,0,1,0,0,0,0,0.017270,0.074652,0.088579,0.013928,0.102507,False,False,True,False,True,0,
nol,noll,kno,ll,kn,oll,0.032232,2022-01-24,219,knoll,258038,8317,1,1,11,29,33,21,4,0,0,0,0,0,0,0,0,0,0,1,1,0,1,1,0,0,0,0,0,0,0,0,0,0,0,0.019499,0.049025,0.074095,0.062396,0.062396,False,False,True,False,False,0,
tol,toll,ato,ll,at,oll,0.077761,2022-05-30,345,atoll,60969,4741,0,6,28,36,21,8,1,1,0,0,0,0,0,0,0,0,0,0,1,0,0,1,0,0,0,0,1,0,0,0,0,0,0,0.088579,0.072423,0.074095,0.062396,0.062396,True,False,True,False,False,0,
rol,roll,dro,ll,dr,oll,0.081248,2022-06-28,374,droll,47312,3844,0,2,16,31,31,17,3,0,0,0,1,0,0,0,0,0,0,0,1,0,0,1,0,0,1,0,0,0,0,0,0,0,0,0.030084,0.074652,0.074095,0.062396,0.062396,False,False,True,False,False,0,
oyl,oyly,coy,ly,co,yly,0.096823,2022-08-02,409,coyly,34909,3380,0,0,4,17,28,35,15,0,0,1,0,0,0,0,0,0,0,0,1,0,0,1,0,0,0,0,0,0,0,0,0,1,0,0.039554,0.074095,0.033983,0.062396,0.033983,False,True,True,False,True,0,
oun,ount,mou,nt,mo,unt,0.034507,2022-01-27,222,mount,331844,11451,1,9,29,33,19,7,1,0,0,0,0,0,0,0,0,0,0,0,0,1,1,1,0,0,0,0,1,1,0,0,0,0,0,0.030641,0.074095,0.035655,0.049025,0.072423,False,True,True,False,False,0,
aun,aunt,tau,nt,ta,unt,0.092320,2022-09-06,444,taunt,32734,3022,0,4,19,27,21,16,13,1,0,0,0,0,0,0,0,0,0,0,0,0,1,0,0,0,0,0,1,1,0,0,0,0,0,0.072423,0.088579,0.035655,0.049025,0.072423,False,True,True,False,False,0,
ors,orso,tor,so,to,rso,0.094668,2022-12-03,532,torso,23873,2260,0,4,35,36,17,6,1,0,0,0,0,0,0,0,0,0,0,0,0,0,0,1,0,0,1,1,1,0,0,0,0,0,0,0.072423,0.074095,0.074652,0.049025,0.074095,False,True,False,False,True,0,
gre,gret,egr,et,eg,ret,0.084161,2022-07-02,378,egret,41765,3515,0,3,14,33,33,15,2,0,0,0,0,1,0,1,0,0,0,0,0,0,0,0,0,0,1,0,1,0,0,0,0,0,0,0.102507,0.028412,0.074652,0.102507,0.072423,True,False,False,True,False,0,
ape,aper,tap,er,ta,per,0.095101,2022-12-18,547,taper,22166,2108,0,8,28,30,20,11,3,1,0,0,0,1,0,0,0,0,0,0,0,0,0,0,1,0,1,0,1,0,0,0,0,0,0,0.072423,0.088579,0.035655,0.102507,0.074652,False,True,False,True,False,0,
eni,enim,den,im,de,nim,0.096343,2022-10-20,488,denim,28741,2769,0,5,29,40,20,5,0,0,0,0,1,1,0,0,0,1,0,0,0,1,1,0,0,0,0,0,0,0,0,0,0,0,0,0.030084,0.102507,0.049025,0.056267,0.030641,False,True,False,True,False,0,
att,atty,pat,ty,pa,tty,0.083345,2022-08-09,416,patty,36223,3019,0,2,16,39,29,12,1,1,0,0,0,0,0,0,0,0,0,0,0,0,0,0,1,0,0,0,1,0,0,0,0,1,0,0.035655,0.088579,0.072423,0.072423,0.033983,False,True,False,False,True,0,
run,rung,wru,ng,wr,ung,0.039106,2022-01-30,225,wrung,294687,11524,0,2,18,39,27,12,2,0,0,0,0,0,0,1,0,0,0,0,0,0,1,0,0,0,1,0,0,1,0,1,0,0,0,0.016713,0.074652,0.035655,0.049025,0.028412,False,False,True,False,False,0,
lun,lung,slu,ng,sl,ung,0.071611,2022-05-12,327,slung,75673,5419,0,2,16,37,31,13,2,0,0,0,0,0,0,1,0,0,0,0,1,0,1,0,0,0,0,1,0,1,0,0,0,0,0,0.049025,0.062396,0.035655,0.049025,0.028412,False,False,True,False,False,0,
luf,luff,flu,ff,fl,uff,0.085523,2022-07-06,382,fluff,47344,4049,0,0,4,25,44,23,4,0,0,0,0,0,1,0,0,0,0,0,1,0,0,0,0,0,0,0,0,1,0,0,0,0,0,0.018384,0.062396,0.035655,0.018384,0.018384,False,False,True,False,False,0,
luf,luff,blu,ff,bl,uff,0.084893,2022-07-30,406,bluff,37353,3171,0,2,14,42,31,10,1,0,1,0,0,0,1,0,0,0,0,0,1,0,0,0,0,0,0,0,0,1,0,0,0,0,0,0.017270,0.062396,0.035655,0.018384,0.018384,False,False,True,False,False,0,
aus,ause,pau,se,pa,use,0.044221,2022-02-10,236,pause,304830,13480,1,8,26,32,21,10,2,1,0,0,0,1,0,0,0,0,0,0,0,0,0,0,1,0,0,1,0,1,0,0,0,0,0,0.035655,0.088579,0.035655,0.049025,0.102507,False,True,True,False,True,0,
omm,omma,com,ma,co,mma,0.064146,2022-04-06,291,comma,117856,7560,0,2,13,33,33,17,3,1,0,1,0,0,0,0,0,0,0,0,0,1,0,1,0,0,0,0,0,0,0,0,0,0,0,0.039554,0.074095,0.030641,0.030641,0.088579,False,True,False,False,True,0,
liv,live,oli,ve,ol,ive,0.067830,2022-04-23,308,olive,95562,6482,1,6,25,34,23,10,1,0,0,0,0,1,0,0,0,1,0,0,1,0,0,1,0,0,0,0,0,0,1,0,0,0,0,0.074095,0.062396,0.056267,0.013928,0.102507,True,False,True,False,True,0,
riv,rive,dri,ve,dr,ive,0.091925,2022-11-23,522,drive,26663,2451,1,12,32,30,18,6,1,0,0,0,1,1,0,0,0,1,0,0,0,0,0,0,0,0,1,0,0,0,1,0,0,0,0,0.030084,0.074652,0.056267,0.013928,0.102507,False,False,True,False,True,0,
loo,loor,flo,or,fl,oor,0.095205,2022-10-14,482,floor,28906,2752,0,3,23,44,24,6,0,0,0,0,0,0,1,0,0,0,0,0,1,0,0,1,0,0,1,0,0,0,0,0,0,0,0,0.018384,0.062396,0.074095,0.074095,0.074652,False,False,True,True,False,0,
aul,ault,fau,lt,fa,ult,0.095623,2022-10-24,492,fault,28947,2768,0,7,27,35,22,8,1,1,0,0,0,0,1,0,0,0,0,0,1,0,0,0,0,0,0,0,1,1,0,0,0,0,0,0.018384,0.088579,0.035655,0.062396,0.072423,False,True,True,False,False,0,
lea,lean,gle,an,gl,ean,0.086941,2022-08-11,418,glean,37301,3243,0,6,23,37,24,8,1,1,0,0,0,1,0,1,0,0,0,0,1,0,1,0,0,0,0,0,0,0,0,0,0,0,0,0.028412,0.062396,0.102507,0.088579,0.049025,False,False,True,True,False,0,
lea,lean,cle,an,cl,ean,0.091884,2022-11-26,525,clean,26381,2424,1,17,36,31,12,3,0,0,0,1,0,1,0,0,0,0,0,0,1,0,1,0,0,0,0,0,0,0,0,0,0,0,0,0.039554,0.062396,0.102507,0.088579,0.049025,False,False,True,True,False,0,
ayo,ayou,bay,ou,ba,you,0.078027,2022-05-29,344,bayou,56839,4435,0,6,17,33,29,13,2,1,1,0,0,0,0,0,0,0,0,0,0,0,0,1,0,0,0,0,0,1,0,0,0,1,0,0.017270,0.088579,0.033983,0.074095,0.035655,False,True,True,True,True,0,
mit,mite,smi,te,sm,ite,0.078847,2022-06-24,370,smite,50617,3991,0,6,23,35,24,11,2,0,0,0,0,1,0,0,0,1,0,0,0,1,0,0,0,0,0,1,1,0,0,0,0,0,0,0.049025,0.030641,0.056267,0.072423,0.102507,False,False,True,False,True,0,
rit,rite,tri,te,tr,ite,0.087246,2022-07-20,396,trite,42237,3685,0,4,14,22,22,23,15,0,0,0,0,1,0,0,0,1,0,0,0,0,0,0,0,0,1,0,1,0,0,0,0,0,0,0.072423,0.074652,0.056267,0.072423,0.102507,False,False,True,False,True,0,
nit,nite,uni,te,un,ite,0.093749,2022-11-10,509,unite,27467,2575,1,11,31,33,18,5,1,0,0,0,0,1,0,0,0,1,0,0,0,0,1,0,0,0,0,0,1,1,0,0,0,0,0,0.035655,0.049025,0.056267,0.072423,0.102507,True,False,True,False,True,0,
ead,eady,bea,dy,be,ady,0.079629,2022-06-25,371,beady,46089,3670,0,3,19,39,29,10,1,1,1,0,1,1,0,0,0,0,0,0,0,0,0,0,0,0,0,0,0,0,0,0,0,1,0,0.017270,0.102507,0.088579,0.030084,0.033983,False,True,True,False,True,0,
sse,sset,ass,et,as,set,0.074903,2022-05-26,341,asset,63188,4733,0,7,28,34,21,8,1,1,0,0,0,1,0,0,0,0,0,0,0,0,0,0,0,0,0,1,1,0,0,0,0,0,0,0.088579,0.049025,0.049025,0.102507,0.072423,True,False,False,True,False,0,
pse,pset,ups,et,up,set,0.085020,2022-07-29,405,upset,37791,3213,0,5,30,38,20,6,1,0,0,0,0,1,0,0,0,0,0,0,0,0,0,0,1,0,0,1,1,1,0,0,0,0,0,0.035655,0.035655,0.049025,0.102507,0.072423,True,False,False,True,False,0,
nse,nset,ons,et,on,set,0.089394,2022-08-30,437,onset,33660,3009,0,4,29,40,21,6,1,0,0,0,0,1,0,0,0,0,0,0,0,0,1,1,0,0,0,1,1,0,0,0,0,0,0,0.074095,0.049025,0.049025,0.102507,0.072423,True,False,False,True,False,0,
ont,onth,mon,th,mo,nth,0.046754,2022-03-09,263,month,201799,9435,1,5,26,37,22,8,1,0,0,0,0,0,0,0,1,0,0,0,0,1,1,1,0,0,0,0,1,0,0,0,0,0,0,0.030641,0.074095,0.049025,0.072423,0.038997,False,True,False,False,False,0,
inc,inch,cin,ch,ci,nch,0.089531,2022-07-26,402,cinch,39171,3507,0,2,15,24,22,25,13,0,0,1,0,0,0,0,1,1,0,0,0,0,1,0,0,0,0,0,0,0,0,0,0,0,0,0.039554,0.056267,0.049025,0.039554,0.038997,False,True,False,False,False,0,
loo,lood,flo,od,fl,ood,0.075266,2022-06-07,353,flood,58991,4440,0,3,20,40,28,8,1,0,0,0,1,0,1,0,0,0,0,0,1,0,0,1,0,0,0,0,0,0,0,0,0,0,0,0.018384,0.062396,0.074095,0.074095,0.030084,False,False,True,True,False,0,
riz,rize,pri,ze,pr,ize,0.089579,2022-08-31,438,prize,35343,3166,0,5,12,20,32,26,5,0,0,0,0,1,0,0,0,1,0,0,0,0,0,0,1,0,1,0,0,0,0,0,0,0,1,0.035655,0.074652,0.056267,0.002786,0.102507,False,False,True,False,True,0,
oya,oyal,roy,al,ro,yal,0.063312,2022-04-12,297,royal,114907,7275,1,5,24,36,23,9,1,1,0,0,0,0,0,0,0,0,0,0,1,0,0,1,0,0,1,0,0,0,0,0,0,1,0,0.074652,0.074095,0.033983,0.088579,0.062396,False,True,True,True,False,0,
gap,gape,aga,pe,ag,ape,0.084572,2022-07-07,383,agape,43407,3671,0,2,18,36,27,15,3,1,0,0,0,1,0,1,0,0,0,0,0,0,0,0,1,0,0,0,0,0,0,0,0,0,0,0.088579,0.028412,0.088579,0.035655,0.102507,True,False,True,False,True,0,
hie,hief,chi,ef,ch,ief,0.089612,2022-08-29,436,chief,34281,3072,1,6,32,38,18,5,0,0,0,1,0,1,1,0,1,1,0,0,0,0,0,0,0,0,0,0,0,0,0,0,0,0,0,0.039554,0.038997,0.056267,0.102507,0.018384,False,False,True,True,False,0,
eve,ever,sev,er,se,ver,0.084207,2022-07-04,380,sever,42645,3591,0,2,13,27,29,21,7,0,0,0,0,1,0,0,0,0,0,0,0,0,0,0,0,0,1,1,0,0,1,0,0,0,0,0.049025,0.102507,0.013928,0.102507,0.074652,False,True,False,True,False,0,
ive,iver,liv,er,li,ver,0.083553,2022-07-14,390,liver,40549,3388,0,4,16,26,25,20,8,0,0,0,0,1,0,0,0,1,0,0,1,0,0,0,0,0,1,0,0,0,1,0,0,0,0,0.062396,0.056267,0.013928,0.102507,0.074652,False,True,False,True,False,0,
eac,each,pea,ch,pe,ach,0.075759,2022-06-03,349,peach,65431,4957,1,13,38,32,13,3,0,1,0,1,0,1,0,0,1,0,0,0,0,0,0,0,1,0,0,0,0,0,0,0,0,0,0,0.035655,0.102507,0.088579,0.039554,0.038997,False,True,True,False,False,0,
and,andy,dan,dy,da,ndy,0.097843,2022-10-07,475,dandy,29026,2840,0,2,11,23,29,24,11,1,0,0,1,0,0,0,0,0,0,0,0,0,1,0,0,0,0,0,0,0,0,0,0,1,0,0.030084,0.088579,0.049025,0.030084,0.033983,False,True,False,False,True,0,
dor,dore,ado,re,ad,ore,0.093756,2022-12-04,533,adore,25577,2398,2,17,32,29,15,5,1,1,0,0,1,1,0,0,0,0,0,0,0,0,0,1,0,0,1,0,0,0,0,0,0,0,0,0.088579,0.030084,0.074095,0.074652,0.102507,True,False,True,False,True,0,
llo,llow,all,ow,al,low,0.054475,2022-03-19,273,allow,156311,8515,0,5,21,32,26,14,3,1,0,0,0,0,0,0,0,0,0,0,1,0,0,1,0,0,0,0,0,0,0,1,0,0,0,0.088579,0.062396,0.062396,0.074095,0.016713,True,False,False,True,False,0,
ivi,ivid,viv,id,vi,vid,0.045669,2022-02-25,251,vivid,255907,11687,1,2,10,29,33,21,4,0,0,0,1,0,0,0,0,1,0,0,0,0,0,0,0,0,0,0,0,0,1,0,0,0,0,0.013928,0.056267,0.013928,0.056267,0.030084,False,True,False,True,False,0,
ome,omer,hom,er,ho,mer,0.073425,2022-05-05,320,homer,85979,6313,0,3,16,26,24,19,12,0,0,0,0,1,0,0,1,0,0,0,0,1,0,1,0,0,1,0,0,0,0,0,0,0,0,0.038997,0.074095,0.030641,0.102507,0.074652,False,True,False,True,False,0,
ame,amer,gam,er,ga,mer,0.074953,2022-05-20,335,gamer,69884,5238,1,4,17,28,26,18,6,1,0,0,0,1,0,1,0,0,0,0,0,1,0,0,0,0,1,0,0,0,0,0,0,0,0,0.028412,0.088579,0.030641,0.102507,0.074652,False,True,False,True,False,0,
air,airy,hai,ry,ha,iry,0.069229,2022-05-03,318,hairy,85817,5941,1,8,24,33,23,10,1,1,0,0,0,0,0,0,1,1,0,0,0,0,0,0,0,0,1,0,0,0,0,0,0,1,0,0.038997,0.088579,0.056267,0.074652,0.033983,False,True,True,False,True,0,
cra,crap,scr,ap,sc,rap,0.074431,2022-05-21,336,scrap,66814,4973,1,9,28,34,20,8,1,1,0,1,0,0,0,0,0,0,0,0,0,0,0,0,1,0,1,1,0,0,0,0,0,0,0,0.049025,0.039554,0.074652,0.088579,0.035655,False,False,False,True,False,0,
ose,oser,los,er,lo,ser,0.079463,2022-06-19,365,loser,55359,4399,1,10,28,32,19,8,2,0,0,0,0,1,0,0,0,0,0,0,1,0,0,1,0,0,1,1,0,0,0,0,0,0,0,0.062396,0.074095,0.049025,0.102507,0.074652,False,True,False,True,False,0,
obi,obin,rob,in,ro,bin,0.011709,2022-02-13,239,robin,277471,3249,1,6,29,34,21,8,1,0,1,0,0,0,0,0,0,1,0,0,0,0,1,1,0,0,1,0,0,0,0,0,0,0,0,0.074652,0.074095,0.017270,0.056267,0.049025,False,True,False,True,False,0,
ptl,ptly,apt,ly,ap,tly,0.097064,2022-10-31,499,aptly,26498,2572,0,3,26,41,23,7,1,1,0,0,0,0,0,0,0,0,0,0,1,0,0,0,1,0,0,0,1,0,0,0,0,1,0,0.088579,0.035655,0.072423,0.062396,0.033983,True,False,False,False,True,0,
ois,oist,moi,st,mo,ist,0.039250,2022-02-02,228,moist,361908,14205,3,13,32,29,16,7,1,0,0,0,0,0,0,0,0,1,0,0,0,1,0,1,0,0,0,1,1,0,0,0,0,0,0,0.030641,0.074095,0.056267,0.049025,0.072423,False,True,True,False,False,0,
eis,eist,hei,st,he,ist,0.066212,2022-04-26,311,heist,103153,6830,1,13,32,31,16,6,1,0,0,0,0,1,0,0,1,1,0,0,0,0,0,0,0,0,0,1,1,0,0,0,0,0,0,0.038997,0.102507,0.056267,0.049025,0.072423,False,True,True,False,False,0,
xis,xist,exi,st,ex,ist,0.098036,2022-10-18,486,exist,28612,2805,0,5,24,38,23,8,1,0,0,0,0,1,0,0,0,1,0,0,0,0,0,0,0,0,0,1,1,0,0,0,1,0,0,0.102507,0.003900,0.056267,0.049025,0.072423,True,False,True,False,False,0,
oun,ound,fou,nd,fo,und,0.061101,2022-03-28,282,found,173696,10613,1,6,17,22,20,21,14,0,0,0,1,0,1,0,0,0,0,0,0,0,1,1,0,0,0,0,0,1,0,0,0,0,0,0.018384,0.074095,0.035655,0.049025,0.030084,False,True,True,False,False,0,
uga,ugar,sug,ar,su,gar,0.031505,2022-01-25,220,sugar,276404,8708,1,6,25,34,23,9,1,1,0,0,0,0,0,1,0,0,0,0,0,0,0,0,0,0,1,1,0,1,0,0,0,0,0,0.049025,0.035655,0.028412,0.088579,0.074652,False,True,False,True,False,0,
owl,owly,low,ly,lo,wly,0.062632,2022-03-31,285,lowly,135219,8469,0,2,9,26,32,24,8,0,0,0,0,0,0,0,0,0,0,0,1,0,0,1,0,0,0,0,0,0,0,1,0,1,0,0.062396,0.074095,0.016713,0.062396,0.033983,False,True,False,False,True,0,
oke,oken,wok,en,wo,ken,0.095020,2022-12-05,534,woken,23153,2200,0,2,10,25,36,23,4,0,0,0,0,1,0,0,0,0,0,1,0,0,1,1,0,0,0,0,0,0,0,1,0,0,0,0.016713,0.074095,0.019499,0.102507,0.049025,False,True,False,True,False,0,
tud,tudy,stu,dy,st,udy,0.936162,2022-11-30,529,study,2569,2405,0,6,30,33,19,10,2,0,0,0,1,0,0,0,0,0,0,0,0,0,0,0,0,0,0,1,1,1,0,0,0,1,0,0.049025,0.072423,0.035655,0.030084,0.033983,False,False,True,False,True,0,
