SmallerContest,ReportedResults,PDFPredict,ActualPredict,Difference,Total Difference,Total Results,,,,,,hasDup,numbUnique,percentHardMode,Date,SmallerContest,Word,ContestNumber,,NumberInHardMode,1Try,2Tries,3Tries,4Tries,5Tries,6Tries,7Tries,containsA,containsb,containsc,containsd,containse,containsf,containsg,containsh,containsi,containsj,containsk,containsl,containsm,containsn,containso,containsp,containsq,containsr,containss,containst,containsu,containsv,containsw,containsx,containsy,containsz,ProbabilityLetter1,ProbabilityLetter2,ProbabilityLetter3,ProbabilityLetter4,ProbabilityLetter5,Letter1Vowel,Letter2Vowel,Letter3Vowel,Letter4Vowel,Letter5Vowel
367,20380,0.000404225,15831.3629,4548.637097,"3,214,142.17",39164769.6,,,5.89808E-05,,,0,5,0.09318,12/31/2022,,manly,560,,1899,0,2,17,37,29,12,2,1,0,0,0,0,0,0,0,0,0,0,1,1,1,0,0,0,0,0,0,0,0,0,0,1,0,0.030641,0.088579,0.049025,0.062396,0.033983,FALSE,TRUE,FALSE,FALSE,TRUE
366,21204,0.000406219,15909.48441,5294.515593,,Mean,91165.6648,,alpha,91965.91759,,0,5,0.093048,12/30/2022,,molar,559,,1973,0,4,21,38,26,9,1,1,0,0,0,0,0,0,0,0,0,0,1,1,0,1,0,0,1,0,0,0,0,0,0,0,0,0.030641,0.074095,0.062396,0.088579,0.074652,FALSE,TRUE,FALSE,TRUE,FALSE
365,20001,0.000408229,15988.18581,4012.814191,,Stdev,89276.60886,,beta,1.021460834,,0,5,0.095945,12/29/2022,,havoc,558,,1919,0,2,16,38,30,12,2,1,0,1,0,0,0,0,1,0,0,0,0,0,0,1,0,0,0,0,0,0,1,0,0,0,0,0.038997,0.088579,0.013928,0.074095,0.039554,FALSE,TRUE,FALSE,TRUE,FALSE
364,20160,0.000410253,16067.47285,4092.527148,,,,,,,,0,5,0.096081,12/28/2022,,impel,557,,1937,0,3,21,40,25,9,1,0,0,0,0,1,0,0,0,1,0,0,1,1,0,0,1,0,0,0,0,0,0,0,0,0,0,0.056267,0.030641,0.035655,0.102507,0.062396,TRUE,FALSE,FALSE,TRUE,FALSE
363,20879,0.000412293,16147.35135,4731.648646,,formula,-0.000225675,,,,,1,4,0.096365,12/27/2022,,condo,556,,2012,0,2,17,35,29,14,3,0,0,1,1,0,0,0,0,0,0,0,0,0,1,1,0,0,0,0,0,0,0,0,0,0,0,0.039554,0.074095,0.049025,0.030084,0.074095,FALSE,TRUE,FALSE,FALSE,TRUE
362,20011,0.000414348,16227.8272,3783.172798,,,,,,,,0,5,0.102094,12/26/2022,,judge,555,,2043,0,2,8,16,26,33,14,0,0,0,1,1,0,1,0,0,1,0,0,0,0,0,0,0,0,0,0,1,0,0,0,0,0,0.002228,0.035655,0.030084,0.028412,0.102507,FALSE,TRUE,FALSE,FALSE,TRUE
361,15554,0.000416418,16308.90636,754.9063571,,,,,,,,0,5,0.100424,12/25/2022,,extra,554,,1562,1,5,20,35,28,10,1,1,0,0,0,1,0,0,0,0,0,0,0,0,0,0,0,0,1,0,1,0,0,0,1,0,0,0.102507,0.0039,0.072423,0.074652,0.088579,TRUE,FALSE,FALSE,FALSE,TRUE
360,20281,0.000418504,16390.59485,3890.405146,,demoAlpha,0.982112525,,,,,0,5,0.094226,12/24/2022,,poise,553,,1911,2,11,34,32,15,6,1,0,0,0,0,1,0,0,0,1,0,0,0,0,0,1,1,0,0,1,0,0,0,0,0,0,0,0.035655,0.074095,0.056267,0.049025,0.102507,FALSE,TRUE,TRUE,FALSE,TRUE
359,21937,0.000420605,16472.89881,5464.101195,,demoBeta,64.40128014,,,,,1,4,0.096276,12/23/2022,,aorta,552,,2112,0,7,26,35,20,10,3,1,0,0,0,0,0,0,0,0,0,0,0,0,0,1,0,0,1,0,1,0,0,0,0,0,0,0.088579,0.074095,0.074652,0.072423,0.088579,TRUE,TRUE,FALSE,FALSE,TRUE
358,20490,0.000422722,16555.8244,3934.175603,,Offset,193,,,,,1,4,0.099268,12/22/2022,,excel,551,,2034,0,1,13,34,34,15,2,0,0,1,0,1,0,0,0,0,0,0,1,0,0,0,0,0,0,0,0,0,0,0,1,0,0,0.102507,0.0039,0.039554,0.102507,0.062396,TRUE,FALSE,FALSE,TRUE,FALSE
357,22180,0.000424856,16639.37789,5540.622106,,,,,,,,0,5,0.091794,12/21/2022,,lunar,550,,2036,0,5,32,40,17,4,0,1,0,0,0,0,0,0,0,0,0,0,1,0,1,0,0,0,1,0,0,1,0,0,0,0,0,0.062396,0.035655,0.049025,0.088579,0.074652,FALSE,TRUE,FALSE,TRUE,FALSE
356,24137,0.000427005,16723.56564,7413.434358,,,,,,,,0,5,0.093674,12/20/2022,,third,549,,2261,1,10,47,32,9,2,0,0,0,0,1,0,0,0,1,1,0,0,0,0,0,0,0,0,1,0,1,0,0,0,0,0,0,0.072423,0.038997,0.056267,0.074652,0.030084,FALSE,FALSE,TRUE,FALSE,FALSE
355,26010,0.000429171,16808.39406,9201.605936,,,,,,,,0,5,0.093118,12/19/2022,,slate,548,,2422,6,14,33,27,13,5,1,1,0,0,0,1,0,0,0,0,0,0,1,0,0,0,0,0,0,1,1,0,0,0,0,0,0,0.049025,0.062396,0.088579,0.072423,0.102507,FALSE,FALSE,TRUE,FALSE,TRUE
354,22166,0.000431354,16893.86967,5272.130334,,,,,,,,0,5,0.095101,12/18/2022,,taper,547,,2108,0,8,28,30,20,11,3,1,0,0,0,1,0,0,0,0,0,0,0,0,0,0,1,0,1,0,1,0,0,0,0,0,0,0.072423,0.088579,0.035655,0.102507,0.074652,FALSE,TRUE,FALSE,TRUE,FALSE
353,22336,0.000433553,16979.99904,5356.000965,,,,,,,,0,5,0.093481,12/17/2022,,chord,546,,2088,0,7,39,38,13,3,0,0,0,1,1,0,0,0,1,0,0,0,0,0,0,1,0,0,1,0,0,0,0,0,0,0,0,0.039554,0.038997,0.074095,0.074652,0.030084,FALSE,FALSE,TRUE,FALSE,FALSE
352,22853,0.000435769,17066.78885,5786.211155,,,,,,,,0,5,0.094517,12/16/2022,,probe,545,,2160,0,6,24,32,24,11,3,0,1,0,0,1,0,0,0,0,0,0,0,0,0,1,1,0,1,0,0,0,0,0,0,0,0,0.035655,0.074652,0.074095,0.01727,0.102507,FALSE,FALSE,TRUE,FALSE,TRUE
351,22176,0.000438002,17154.24585,5021.754149,,,,,,,,0,5,0.095915,12/15/2022,,rival,544,,2127,0,7,27,35,22,8,1,1,0,0,0,0,0,0,0,1,0,0,1,0,0,0,0,0,1,0,0,0,1,0,0,0,0,0.074652,0.056267,0.013928,0.088579,0.062396,FALSE,TRUE,FALSE,TRUE,FALSE
350,20824,0.000440252,17242.3769,3581.623102,,,,,,,,1,4,0.098348,12/14/2022,,usual,543,,2048,0,3,20,39,27,10,1,1,0,0,0,0,0,0,0,0,0,0,1,0,0,0,0,0,0,1,0,1,0,0,0,0,0,0.035655,0.049025,0.035655,0.088579,0.062396,TRUE,FALSE,TRUE,TRUE,FALSE
349,24101,0.00044252,17331.18891,6769.811085,,,,,,,,0,5,0.092278,12/13/2022,,spoke,542,,2224,0,6,31,38,19,5,0,0,0,0,0,1,0,0,0,0,0,1,0,0,0,1,1,0,0,1,0,0,0,0,0,0,0,0.049025,0.035655,0.074095,0.019499,0.102507,FALSE,FALSE,TRUE,FALSE,TRUE
348,22873,0.000444805,17420.68892,5452.311077,,,,,,,,1,4,0.093997,12/12/2022,,apply,541,,2150,0,5,28,38,22,7,1,1,0,0,0,0,0,0,0,0,0,0,1,0,0,0,1,0,0,0,0,0,0,0,0,1,0,0.088579,0.035655,0.035655,0.062396,0.033983,TRUE,FALSE,FALSE,FALSE,TRUE
347,21947,0.000447108,17510.88403,4436.115967,,,,,,,,1,4,0.094546,12/11/2022,,na√Øve,540,,2075,1,7,24,32,24,11,1,1,0,0,0,1,0,0,0,0,0,0,0,0,1,0,0,0,0,0,0,0,1,0,0,0,0,0.049025,0.088579,0.000557,0.013928,0.102507,FALSE,TRUE,FALSE,FALSE,TRUE
346,21157,0.000449429,17601.78145,3555.218553,,,,,,,,1,4,0.096469,12/10/2022,,knock,539,,2041,0,3,18,43,27,8,1,0,0,1,0,0,0,0,0,0,0,1,0,0,1,1,0,0,0,0,0,0,0,0,0,0,0,0.019499,0.049025,0.074095,0.039554,0.019499,FALSE,FALSE,TRUE,FALSE,FALSE
345,23640,0.000451768,17693.38846,5946.611541,,,,,,,,0,5,0.091582,12/9/2022,,braid,538,,2165,0,10,36,35,14,3,0,1,1,0,1,0,0,0,0,1,0,0,0,0,0,0,0,0,1,0,0,0,0,0,0,0,0,0.01727,0.074652,0.088579,0.056267,0.030084,FALSE,FALSE,TRUE,TRUE,FALSE
344,21199,0.000454125,17785.71246,3413.287538,,,,,,,,0,5,0.087882,12/8/2022,,infer,537,,1863,0,3,19,33,26,14,3,0,0,0,0,1,1,0,0,1,0,0,0,0,1,0,0,0,1,0,0,0,0,0,0,0,0,0.056267,0.049025,0.018384,0.102507,0.074652,TRUE,FALSE,FALSE,TRUE,FALSE
343,24899,0.000456501,17878.76094,7020.23906,,,,,,,,0,5,0.095907,12/7/2022,,joust,536,,2388,0,6,29,34,21,8,2,0,0,0,0,0,0,0,0,0,1,0,0,0,0,1,0,0,0,1,1,1,0,0,0,0,0,0.002228,0.074095,0.035655,0.049025,0.072423,FALSE,TRUE,TRUE,FALSE,FALSE
342,23509,0.000458896,17972.54148,5536.458523,,,,,,,,0,5,0.096176,12/6/2022,,amber,535,,2261,0,6,22,33,24,12,3,1,1,0,0,1,0,0,0,0,0,0,0,1,0,0,0,0,1,0,0,0,0,0,0,0,0,0.088579,0.030641,0.01727,0.102507,0.074652,TRUE,FALSE,FALSE,TRUE,FALSE
341,23153,0.000461309,18067.06176,5085.938242,,,,,,,,0,5,0.09502,12/5/2022,,woken,534,,2200,0,2,10,25,36,23,4,0,0,0,0,1,0,0,0,0,0,1,0,0,1,1,0,0,0,0,0,0,0,1,0,0,0,0.016713,0.074095,0.019499,0.102507,0.049025,FALSE,TRUE,FALSE,TRUE,FALSE
340,25577,0.000463742,18162.32956,7414.670435,,,,,,,,0,5,0.093756,12/4/2022,,adore,533,,2398,2,17,32,29,15,5,1,1,0,0,1,1,0,0,0,0,0,0,0,0,0,1,0,0,1,0,0,0,0,0,0,0,0,0.088579,0.030084,0.074095,0.074652,0.102507,TRUE,FALSE,TRUE,FALSE,TRUE
339,23873,0.000466193,18258.35278,5614.647215,,,,,,,,1,4,0.094668,12/3/2022,,torso,532,,2260,0,4,35,36,17,6,1,0,0,0,0,0,0,0,0,0,0,0,0,0,0,1,0,0,1,1,1,0,0,0,0,0,0,0.072423,0.074095,0.074652,0.049025,0.074095,FALSE,TRUE,FALSE,FALSE,TRUE
338,24646,0.000468665,18355.13941,6290.860593,,,,,,,,0,5,0.095066,12/2/2022,,chafe,531,,2343,0,6,30,33,19,9,2,1,0,1,0,1,1,0,1,0,0,0,0,0,0,0,0,0,0,0,0,0,0,0,0,0,0,0.039554,0.038997,0.088579,0.018384,0.102507,FALSE,FALSE,TRUE,FALSE,TRUE
337,22628,0.000471156,18452.69753,4175.302471,,,,,,,,1,4,0.097225,12/1/2022,,eject,530,,2200,0,2,11,35,36,14,2,0,0,1,0,1,0,0,0,0,1,0,0,0,0,0,0,0,0,0,1,0,0,0,0,0,0,0.102507,0.002228,0.102507,0.039554,0.072423,TRUE,FALSE,TRUE,FALSE,FALSE
335,23739,0.000476197,18650.16119,5088.838812,,,,,,,,1,4,0.097561,11/29/2022,,undue,528,,2316,0,3,19,35,29,13,2,0,0,0,1,1,0,0,0,0,0,0,0,0,1,0,0,0,0,0,0,1,0,0,0,0,0,0.035655,0.049025,0.030084,0.035655,0.102507,TRUE,FALSE,FALSE,TRUE,TRUE
334,26051,0.000478749,18750.08346,7300.91654,,,,,,,,0,5,0.095351,11/28/2022,,tepid,527,,2484,0,10,38,35,13,3,0,0,0,0,1,1,0,0,0,1,0,0,0,0,0,0,1,0,0,0,1,0,0,0,0,0,0,0.072423,0.102507,0.035655,0.056267,0.030084,FALSE,TRUE,FALSE,TRUE,FALSE
333,25206,0.000481321,18850.8107,6355.189298,,,,,,,,1,4,0.09347,11/27/2022,,happy,526,,2356,0,6,28,39,19,6,1,1,0,0,0,0,0,0,1,0,0,0,0,0,0,0,1,0,0,0,0,0,0,0,0,1,0,0.038997,0.088579,0.035655,0.035655,0.033983,FALSE,TRUE,FALSE,FALSE,TRUE
332,26381,0.000483913,18952.35156,7428.648436,,,,,,,,1,4,0.091884,11/26/2022,,clean,525,,2424,1,17,36,31,12,3,0,0,0,1,0,1,0,0,0,0,0,0,1,0,1,0,0,0,0,0,0,0,0,0,0,0,0,0.039554,0.062396,0.102507,0.088579,0.049025,FALSE,FALSE,TRUE,TRUE,FALSE
331,24197,0.000486527,19054.71481,5142.285189,,,,,,,,0,5,0.096252,11/25/2022,,itchy,524,,2329,0,8,28,40,18,5,1,0,0,1,0,0,0,0,1,1,0,0,0,0,0,0,0,0,0,0,1,0,0,0,0,1,0,0.056267,0.072423,0.039554,0.038997,0.033983,TRUE,FALSE,FALSE,FALSE,TRUE
330,27705,0.000489162,19157.90933,8547.090674,,,,,,,,0,5,0.098358,11/24/2022,,feast,523,,2725,5,13,25,27,19,10,2,1,0,0,0,1,1,0,0,0,0,0,0,0,0,0,0,0,0,1,1,0,0,0,0,0,0,0.018384,0.102507,0.088579,0.049025,0.072423,FALSE,TRUE,TRUE,FALSE,FALSE
329,26663,0.000491818,19261.94411,7401.055887,,,,,,,,0,5,0.091925,11/23/2022,,drive,522,,2451,1,12,32,30,18,6,1,0,0,0,1,1,0,0,0,1,0,0,0,0,0,0,0,0,1,0,0,0,1,0,0,0,0,0.030084,0.074652,0.056267,0.013928,0.102507,FALSE,FALSE,TRUE,FALSE,TRUE
328,27437,0.000494496,19366.82829,8070.171706,,,,,,,,0,5,0.092357,11/22/2022,,prime,521,,2534,1,10,26,32,21,9,1,0,0,0,0,1,0,0,0,1,0,0,0,1,0,0,1,0,1,0,0,0,0,0,0,0,0,0.035655,0.074652,0.056267,0.030641,0.102507,FALSE,FALSE,TRUE,FALSE,TRUE
327,24288,0.000497196,19472.57112,4815.42888,,,,,,,,0,5,0.098073,11/21/2022,,axiom,520,,2382,0,5,19,33,27,13,3,1,0,0,0,0,0,0,0,1,0,0,0,1,0,1,0,0,0,0,0,0,0,0,1,0,0,0.088579,0.0039,0.056267,0.074095,0.030641,TRUE,FALSE,TRUE,TRUE,FALSE
326,24991,0.000499918,19579.18196,5411.818036,,,,,,,,0,5,0.095875,11/20/2022,,brave,519,,2396,1,6,17,27,27,18,5,1,1,0,0,1,0,0,0,0,0,0,0,0,0,0,0,0,1,0,0,0,1,0,0,0,0,0.01727,0.074652,0.088579,0.013928,0.102507,FALSE,FALSE,TRUE,FALSE,TRUE
325,24749,0.000502663,19686.67033,5062.329672,,,,,,,,0,5,0.096974,11/19/2022,,avert,518,,2400,0,7,26,35,22,9,1,1,0,0,0,1,0,0,0,0,0,0,0,0,0,0,0,0,1,0,1,0,1,0,0,0,0,0.088579,0.013928,0.102507,0.074652,0.072423,TRUE,FALSE,TRUE,FALSE,FALSE
324,29208,0.00050543,19795.04584,9412.954156,,,,,,,,0,5,0.099254,11/18/2022,,glyph,517,,2899,0,2,23,49,20,5,1,0,0,0,0,0,0,1,1,0,0,0,1,0,0,0,1,0,0,0,0,0,0,0,0,1,0,0.028412,0.062396,0.033983,0.035655,0.038997,FALSE,FALSE,TRUE,FALSE,FALSE
323,27465,0.00050822,19904.31828,7560.681724,,,,,,,,1,4,0.092117,11/17/2022,,there,516,,2530,0,14,35,33,14,4,0,0,0,0,0,1,0,0,1,0,0,0,0,0,0,0,0,0,1,0,1,0,0,0,0,0,0,0.072423,0.038997,0.102507,0.074652,0.102507,FALSE,FALSE,TRUE,FALSE,TRUE
322,25576,0.000511033,20014.49752,5561.502479,,,,,,,,0,5,0.099351,11/16/2022,,baker,515,,2541,0,5,16,23,24,22,10,1,1,0,0,1,0,0,0,0,0,1,0,0,0,0,0,0,1,0,0,0,0,0,0,0,0,0.01727,0.088579,0.019499,0.102507,0.074652,FALSE,TRUE,FALSE,TRUE,FALSE
321,27475,0.00051387,20125.59361,7349.406386,,,,,,,,0,5,0.096451,11/15/2022,,snarl,514,,2650,0,5,21,31,24,15,4,1,0,0,0,0,0,0,0,0,0,0,1,0,1,0,0,0,1,1,0,0,0,0,0,0,0,0.049025,0.049025,0.088579,0.074652,0.062396,FALSE,FALSE,TRUE,FALSE,FALSE
320,26536,0.00051673,20237.61673,6298.383271,,,,,,,,0,5,0.092968,11/14/2022,,maple,513,,2467,1,6,26,36,21,8,1,1,0,0,0,1,0,0,0,0,0,0,1,1,0,0,1,0,0,0,0,0,0,0,0,0,0,0.030641,0.088579,0.035655,0.062396,0.102507,FALSE,TRUE,FALSE,FALSE,TRUE
319,25085,0.000519614,20350.57718,4734.422822,,,,,,,,1,4,0.100259,11/13/2022,,inane,512,,2515,0,8,25,30,21,13,3,1,0,0,0,1,0,0,0,1,0,0,0,0,1,0,0,0,0,0,0,0,0,0,0,0,0,0.056267,0.049025,0.088579,0.049025,0.102507,TRUE,FALSE,TRUE,FALSE,TRUE
318,24660,0.000522523,20464.48542,4195.514581,,,,,,,,0,5,0.095539,11/12/2022,,valet,511,,2356,0,4,22,38,25,9,1,1,0,0,0,1,0,0,0,0,0,0,1,0,0,0,0,0,0,0,1,0,1,0,0,0,0,0.013928,0.088579,0.062396,0.102507,0.072423,FALSE,TRUE,FALSE,TRUE,FALSE
317,25993,0.000525456,20579.35206,5413.647945,,,,,,,,0,5,0.093794,11/11/2022,,medal,510,,2438,0,5,25,38,23,8,1,1,0,0,1,1,0,0,0,0,0,0,1,1,0,0,0,0,0,0,0,0,0,0,0,0,0,0.030641,0.102507,0.030084,0.088579,0.062396,FALSE,TRUE,FALSE,TRUE,FALSE
316,27467,0.000528413,20695.18784,6771.812163,,,,,,,,0,5,0.093749,11/10/2022,,unite,509,,2575,1,11,31,33,18,5,1,0,0,0,0,1,0,0,0,1,0,0,0,0,1,0,0,0,0,0,1,1,0,0,0,0,0,0.035655,0.049025,0.056267,0.072423,0.102507,TRUE,FALSE,TRUE,FALSE,TRUE
315,28984,0.000531396,20812.00367,8171.996335,,,,,,,,0,5,0.092396,11/9/2022,,rainy,508,,2678,1,16,38,31,11,3,1,1,0,0,0,0,0,0,0,1,0,0,0,0,1,0,0,0,1,0,0,0,0,0,0,1,0,0.074652,0.088579,0.056267,0.049025,0.033983,FALSE,TRUE,TRUE,FALSE,TRUE
314,27213,0.000534404,20929.81059,6283.189405,,,,,,,,1,4,0.093007,11/8/2022,,spell,507,,2531,0,4,24,37,24,9,1,0,0,0,0,1,0,0,0,0,0,0,1,0,0,0,1,0,0,1,0,0,0,0,0,0,0,0.049025,0.035655,0.102507,0.062396,0.062396,FALSE,FALSE,TRUE,FALSE,FALSE
313,26096,0.000537438,21048.61984,5047.380165,,,,,,,,0,5,0.093463,11/7/2022,,begin,506,,2439,0,6,26,36,23,7,1,0,1,0,0,1,0,1,0,1,0,0,0,0,1,0,0,0,0,0,0,0,0,0,0,0,0,0.01727,0.102507,0.028412,0.056267,0.049025,FALSE,TRUE,FALSE,TRUE,FALSE
312,31068,0.000540497,21168.44276,9899.557245,,,,,,,,0,5,0.096981,11/6/2022,,stale,505,,3013,2,19,30,27,15,6,2,1,0,0,0,1,0,0,0,0,0,0,1,0,0,0,0,0,0,1,1,0,0,0,0,0,0,0.049025,0.072423,0.088579,0.062396,0.102507,FALSE,FALSE,TRUE,FALSE,TRUE
311,29743,0.000543583,21289.29088,8453.709116,,,,,,,,0,5,0.092492,11/5/2022,,dream,504,,2751,5,14,31,29,15,4,1,1,0,0,1,1,0,0,0,0,0,0,0,1,0,0,0,0,1,0,0,0,0,0,0,0,0,0.030084,0.074652,0.102507,0.088579,0.030641,FALSE,FALSE,TRUE,TRUE,FALSE
310,27330,0.000546695,21411.17591,5918.824085,,,,,,,,1,4,0.093853,11/4/2022,,photo,503,,2565,0,5,34,43,15,3,0,0,0,0,0,0,0,0,1,0,0,0,0,0,0,1,1,0,0,0,1,0,0,0,0,0,0,0.035655,0.038997,0.074095,0.072423,0.074095,FALSE,FALSE,TRUE,FALSE,TRUE
309,29554,0.000549834,21534.10971,8019.890294,,,,,,,,0,5,0.095385,11/3/2022,,aloud,502,,2819,1,18,31,30,15,4,1,1,0,0,1,0,0,0,0,0,0,0,1,0,0,1,0,0,0,0,0,1,0,0,0,0,0,0.088579,0.062396,0.074095,0.035655,0.030084,TRUE,FALSE,TRUE,TRUE,FALSE
308,27670,0.000553,21658.10429,6011.895714,,,,,,,,0,5,0.09541,11/2/2022,,inept,501,,2640,0,6,30,39,20,6,1,0,0,0,0,1,0,0,0,1,0,0,0,0,1,0,1,0,0,0,1,0,0,0,0,0,0,0.056267,0.049025,0.102507,0.035655,0.072423,TRUE,FALSE,TRUE,FALSE,FALSE
307,27502,0.000556193,21783.17186,5718.828144,,,,,,,,0,5,0.133336,11/1/2022,,piney,500,,3667,0,1,14,37,33,14,2,0,0,0,0,1,0,0,0,1,0,0,0,0,1,0,1,0,0,0,0,0,0,0,0,1,0,0.035655,0.056267,0.049025,0.102507,0.033983,FALSE,TRUE,FALSE,TRUE,TRUE
306,26498,0.000559414,21909.32479,4588.675208,,,,,,,,0,5,0.097064,10/31/2022,,aptly,499,,2572,0,3,26,41,23,7,1,1,0,0,0,0,0,0,0,0,0,0,1,0,0,0,1,0,0,0,1,0,0,0,0,1,0,0.088579,0.035655,0.072423,0.062396,0.033983,TRUE,FALSE,FALSE,FALSE,TRUE
305,24672,0.000562663,22036.57565,2635.424353,,,,,,,,0,5,0.101167,10/30/2022,,waltz,498,,2496,0,2,11,29,35,19,3,1,0,0,0,0,0,0,0,0,0,0,1,0,0,0,0,0,0,0,1,0,0,1,0,0,1,0.016713,0.088579,0.062396,0.072423,0.002786,FALSE,TRUE,FALSE,FALSE,FALSE
304,25156,0.000565941,22164.93716,2991.062843,,,,,,,,1,4,0.100811,10/29/2022,,libel,497,,2536,0,3,15,32,32,16,2,0,1,0,0,1,0,0,0,1,0,0,1,0,0,0,0,0,0,0,0,0,0,0,0,0,0,0.062396,0.056267,0.01727,0.102507,0.062396,FALSE,TRUE,FALSE,TRUE,FALSE
303,27905,0.000569247,22294.42224,5610.57776,,,,,,,,0,5,0.094463,10/28/2022,,sneak,496,,2636,0,7,28,36,21,7,1,1,0,0,0,1,0,0,0,0,0,1,0,0,1,0,0,0,0,1,0,0,0,0,0,0,0,0.049025,0.049025,0.102507,0.088579,0.019499,FALSE,FALSE,TRUE,TRUE,FALSE
302,27609,0.000572582,22425.044,5183.955995,,,,,,,,1,4,0.094715,10/27/2022,,carry,495,,2615,0,4,22,35,24,12,3,1,0,1,0,0,0,0,0,0,0,0,0,0,0,0,0,0,1,0,0,0,0,0,0,1,0,0.039554,0.088579,0.074652,0.074652,0.033983,FALSE,TRUE,FALSE,FALSE,TRUE
301,30063,0.000575947,22556.81575,7506.184253,,,,,,,,0,5,0.096597,10/26/2022,,flout,494,,2904,0,6,28,37,21,7,1,0,0,0,0,0,1,0,0,0,0,0,1,0,0,1,0,0,0,0,1,1,0,0,0,0,0,0.018384,0.062396,0.074095,0.035655,0.072423,FALSE,FALSE,TRUE,TRUE,FALSE
300,28953,0.000579341,22689.75096,6263.24904,,,,,,,,1,4,0.097296,10/25/2022,,foggy,493,,2817,0,2,13,35,32,15,3,0,0,0,0,0,1,1,0,0,0,0,0,0,0,1,0,0,0,0,0,0,0,0,0,1,0,0.018384,0.074095,0.028412,0.028412,0.033983,FALSE,TRUE,FALSE,FALSE,TRUE
299,28947,0.000582765,22823.86333,6123.136669,,,,,,,,0,5,0.095623,10/24/2022,,fault,492,,2768,0,7,27,35,22,8,1,1,0,0,0,0,1,0,0,0,0,0,1,0,0,0,0,0,0,0,1,1,0,0,0,0,0,0.018384,0.088579,0.035655,0.062396,0.072423,FALSE,TRUE,TRUE,FALSE,FALSE
298,29279,0.00058622,22959.16675,6319.833248,,,,,,,,1,3,0.10318,10/23/2022,,mummy,491,,3021,0,1,4,14,27,37,18,0,0,0,0,0,0,0,0,0,0,0,0,1,0,0,0,0,0,0,0,1,0,0,0,1,0,0.030641,0.035655,0.030641,0.030641,0.033983,FALSE,TRUE,FALSE,FALSE,TRUE
297,29084,0.000589705,23095.67532,5988.324684,,,,,,,,0,5,0.096617,10/22/2022,,spiel,490,,2810,0,7,32,36,19,6,1,0,0,0,0,1,0,0,0,1,0,0,1,0,0,0,1,0,0,1,0,0,0,0,0,0,0,0.049025,0.035655,0.056267,0.102507,0.062396,FALSE,FALSE,TRUE,TRUE,FALSE
296,28637,0.000593222,23233.40333,5403.596675,,,,,,,,0,5,0.097566,10/21/2022,,grove,489,,2794,0,4,18,30,28,17,3,0,0,0,0,1,0,1,0,0,0,0,0,0,0,1,0,0,1,0,0,0,1,0,0,0,0,0.028412,0.074652,0.074095,0.013928,0.102507,FALSE,FALSE,TRUE,FALSE,TRUE
295,28741,0.00059677,23372.36529,5368.634705,,,,,,,,0,5,0.096343,10/20/2022,,denim,488,,2769,0,5,29,40,20,5,0,0,0,0,1,1,0,0,0,1,0,0,0,1,1,0,0,0,0,0,0,0,0,0,0,0,0,0.030084,0.102507,0.049025,0.056267,0.030641,FALSE,TRUE,FALSE,TRUE,FALSE
294,28322,0.00060035,23512.57595,4809.424046,,,,,,,,0,5,0.098651,10/19/2022,,quirk,487,,2794,0,3,23,39,24,9,2,0,0,0,0,0,0,0,0,1,0,1,0,0,0,0,0,1,1,0,0,1,0,0,0,0,0,0.002786,0.035655,0.056267,0.074652,0.019499,FALSE,TRUE,TRUE,FALSE,FALSE
293,28612,0.000603962,23654.05025,4957.949749,,,,,,,,0,5,0.098036,10/18/2022,,exist,486,,2805,0,5,24,38,23,8,1,0,0,0,0,1,0,0,0,1,0,0,0,0,0,0,0,0,0,1,1,0,0,0,1,0,0,0.102507,0.0039,0.056267,0.049025,0.072423,TRUE,FALSE,TRUE,FALSE,FALSE
292,31269,0.000607607,23796.80336,7472.196641,,,,,,,,0,5,0.094822,10/17/2022,,stein,485,,2965,1,12,34,32,16,5,1,0,0,0,0,1,0,0,0,1,0,0,0,0,1,0,0,0,0,1,1,0,0,0,0,0,0,0.049025,0.072423,0.102507,0.056267,0.049025,FALSE,FALSE,TRUE,TRUE,FALSE
291,30459,0.000611285,23940.85068,6518.149324,,,,,,,,0,5,0.0937,10/16/2022,,spade,484,,2854,1,8,29,36,19,6,1,1,0,0,1,1,0,0,0,0,0,0,0,0,0,0,1,0,0,1,0,0,0,0,0,0,0,0.049025,0.035655,0.088579,0.030084,0.102507,FALSE,FALSE,TRUE,FALSE,TRUE
290,30403,0.000614997,24086.20783,6316.792167,,,,,,,,1,4,0.10272,10/15/2022,,catch,483,,3123,0,7,18,20,15,16,23,1,0,1,0,0,0,0,1,0,0,0,0,0,0,0,0,0,0,0,1,0,0,0,0,0,0,0.039554,0.088579,0.072423,0.039554,0.038997,FALSE,TRUE,FALSE,FALSE,FALSE
289,28906,0.000618742,24232.8907,4673.109303,,,,,,,,1,4,0.095205,10/14/2022,,floor,482,,2752,0,3,23,44,24,6,0,0,0,0,0,0,1,0,0,0,0,0,1,0,0,1,0,0,1,0,0,0,0,0,0,0,0,0.018384,0.062396,0.074095,0.074095,0.074652,FALSE,FALSE,TRUE,TRUE,FALSE
288,27197,0.000622522,24380.91537,2816.084629,,,,,,,,0,5,0.09843,10/13/2022,,equal,481,,2677,0,5,23,35,25,11,2,1,0,0,0,1,0,0,0,0,0,0,1,0,0,0,0,1,0,0,0,1,0,0,0,0,0,0.102507,0.002786,0.035655,0.088579,0.062396,TRUE,FALSE,TRUE,TRUE,FALSE
287,29151,0.000626336,24530.29821,4620.701794,,,,,,,,1,4,0.101094,10/12/2022,,ionic,480,,2947,0,2,13,25,28,21,11,0,0,1,0,0,0,0,0,1,0,0,0,0,1,1,0,0,0,0,0,0,0,0,0,0,0,0.056267,0.074095,0.049025,0.056267,0.039554,TRUE,TRUE,FALSE,TRUE,FALSE
286,28575,0.000630185,24681.0558,3893.944201,,,,,,,,0,5,0.096308,10/11/2022,,valid,479,,2752,0,4,28,38,21,8,1,1,0,0,1,0,0,0,0,1,0,0,1,0,0,0,0,0,0,0,0,0,1,0,0,0,0,0.013928,0.088579,0.062396,0.056267,0.030084,FALSE,TRUE,FALSE,TRUE,FALSE
285,26878,0.00063407,24833.205,2044.795,,,,,,,,0,5,0.098742,10/10/2022,,enjoy,478,,2654,0,3,12,29,33,20,3,0,0,0,0,1,0,0,0,0,1,0,0,0,1,1,0,0,0,0,0,0,0,0,0,1,0,0.102507,0.049025,0.002228,0.074095,0.033983,TRUE,FALSE,FALSE,TRUE,TRUE
284,28408,0.000637991,24986.76292,3421.237082,,,,,,,,0,5,0.093917,10/9/2022,,howdy,477,,2668,0,2,13,32,32,17,4,0,0,0,1,0,0,0,1,0,0,0,0,0,0,1,0,0,0,0,0,0,0,1,0,1,0,0.038997,0.074095,0.016713,0.030084,0.033983,FALSE,TRUE,FALSE,FALSE,TRUE
283,26905,0.000641948,25141.74692,1763.253077,,,,,,,,0,5,0.098197,10/8/2022,,vigor,476,,2642,0,2,15,35,31,14,2,0,0,0,0,0,0,1,0,1,0,0,0,0,0,1,0,0,1,0,0,0,1,0,0,0,0,0.013928,0.056267,0.028412,0.074095,0.074652,FALSE,TRUE,FALSE,TRUE,FALSE
282,29026,0.000645942,25298.17465,3727.825348,,,,,,,,1,4,0.097843,10/7/2022,,dandy,475,,2840,0,2,11,23,29,24,11,1,0,0,1,0,0,0,0,0,0,0,0,0,1,0,0,0,0,0,0,0,0,0,0,1,0,0.030084,0.088579,0.049025,0.030084,0.033983,FALSE,TRUE,FALSE,FALSE,TRUE
281,32522,0.000649974,25456.06401,7065.935986,,,,,,,,0,5,0.091846,10/6/2022,,sloth,474,,2987,1,10,38,34,13,3,0,0,0,0,0,0,0,0,1,0,0,0,1,0,0,1,0,0,0,1,1,0,0,0,0,0,0,0.049025,0.062396,0.074095,0.072423,0.038997,FALSE,FALSE,TRUE,FALSE,FALSE
280,30935,0.000654043,25615.43319,5319.566807,,,,,,,,0,5,0.09326,10/5/2022,,marsh,473,,2885,0,9,30,35,19,6,1,1,0,0,0,0,0,0,1,0,0,0,0,1,0,0,0,0,1,0,0,0,0,0,1,0,0,0.030641,0.088579,0.074652,0.049025,0.038997,FALSE,TRUE,FALSE,FALSE,FALSE
279,32014,0.00065815,25776.30066,6237.69934,,,,,,,,0,5,0.095583,10/4/2022,,bough,472,,3060,0,3,17,35,28,13,3,0,1,0,0,0,0,1,1,0,0,0,0,0,0,1,0,0,0,0,0,1,0,0,0,0,0,0.01727,0.074095,0.035655,0.028412,0.038997,FALSE,TRUE,TRUE,FALSE,FALSE
278,32288,0.000662296,25938.68517,6349.314833,,,,,,,,0,5,0.091954,10/3/2022,,sting,471,,2969,1,10,30,33,18,8,2,0,0,0,0,0,0,1,0,1,0,0,0,0,1,0,0,0,0,1,1,0,0,0,0,0,0,0.049025,0.072423,0.056267,0.049025,0.028412,FALSE,FALSE,TRUE,FALSE,FALSE
277,30088,0.000666482,26102.60576,3985.394237,,,,,,,,0,5,0.092229,10/2/2022,,twine,470,,2775,0,6,28,40,20,5,1,0,0,0,0,1,0,0,0,1,0,0,0,0,1,0,0,0,0,0,1,0,0,1,0,0,0,0.072423,0.016713,0.056267,0.049025,0.102507,FALSE,FALSE,TRUE,FALSE,TRUE
276,28202,0.000670707,26268.08179,1933.918207,,,,,,,,1,4,0.095596,10/1/2022,,leave,469,,2696,0,4,16,34,31,12,1,1,0,0,0,1,0,0,0,0,0,0,1,0,0,0,0,0,0,0,0,0,1,0,0,0,0,0.062396,0.102507,0.088579,0.013928,0.102507,FALSE,TRUE,TRUE,FALSE,TRUE
275,31223,0.000674972,26435.13291,4787.867094,,,,,,,,0,5,0.091567,9/30/2022,,scorn,468,,2859,0,8,31,35,20,6,1,0,0,1,0,0,0,0,0,0,0,0,0,0,1,1,0,0,1,1,0,0,0,0,0,0,0,0.049025,0.039554,0.074095,0.074652,0.049025,FALSE,FALSE,TRUE,FALSE,FALSE
274,30477,0.000679278,26603.77906,3873.220939,,,,,,,,0,5,0.092824,9/29/2022,,scald,467,,2829,0,4,23,36,24,11,2,1,0,1,1,0,0,0,0,0,0,0,1,0,0,0,0,0,0,1,0,0,0,0,0,0,0,0.049025,0.039554,0.088579,0.062396,0.030084,FALSE,FALSE,TRUE,FALSE,FALSE
273,31355,0.000683626,26774.04053,4580.95947,,,,,,,,1,4,0.095902,9/28/2022,,usurp,466,,3007,0,3,21,38,26,9,1,0,0,0,0,0,0,0,0,0,0,0,0,0,0,0,1,0,1,1,0,1,0,0,0,0,0,0.035655,0.049025,0.035655,0.074652,0.035655,TRUE,FALSE,TRUE,FALSE,FALSE
272,30985,0.000688015,26945.93791,4039.062092,,,,,,,,1,4,0.093206,9/27/2022,,soggy,465,,2888,0,2,18,38,28,11,2,0,0,0,0,0,0,1,0,0,0,0,0,0,0,1,0,0,0,1,0,0,0,0,0,1,0,0.049025,0.074095,0.028412,0.028412,0.033983,FALSE,TRUE,FALSE,FALSE,TRUE
271,31706,0.000692446,27119.49212,4586.507885,,,,,,,,0,5,0.090961,9/26/2022,,brisk,464,,2884,0,5,23,38,24,7,1,0,1,0,0,0,0,0,0,1,0,1,0,0,0,0,0,0,1,1,0,0,0,0,0,0,0,0.01727,0.074652,0.056267,0.049025,0.019499,FALSE,FALSE,TRUE,FALSE,FALSE
270,28994,0.00069692,27294.72441,1699.275593,,,,,,,,0,5,0.092329,9/25/2022,,admit,463,,2677,0,10,25,34,22,8,1,1,0,0,1,0,0,0,0,1,0,0,0,1,0,0,0,0,0,0,1,0,0,0,0,0,0,0.088579,0.030084,0.030641,0.056267,0.072423,TRUE,FALSE,FALSE,TRUE,FALSE
269,32777,0.000701438,27471.65638,5305.343622,,,,,,,,0,5,0.093877,9/24/2022,,grate,462,,3077,1,14,29,28,16,8,3,1,0,0,0,1,0,1,0,0,0,0,0,0,0,0,0,0,1,0,1,0,0,0,0,0,0,0.028412,0.074652,0.088579,0.072423,0.102507,FALSE,FALSE,TRUE,FALSE,TRUE
268,31509,0.000706,27650.30997,3858.690033,,,,,,,,0,5,0.091815,9/23/2022,,glory,461,,2893,0,6,30,39,19,5,0,0,0,0,0,0,0,1,0,0,0,0,1,0,0,1,0,0,1,0,0,0,0,0,0,1,0,0.028412,0.062396,0.074095,0.074652,0.033983,FALSE,FALSE,TRUE,FALSE,TRUE
267,34455,0.000710606,27830.70747,6624.292532,,,,,,,,0,5,0.090524,9/22/2022,,saint,460,,3119,1,14,35,29,15,5,1,1,0,0,0,0,0,0,0,1,0,0,0,0,1,0,0,0,0,1,1,0,0,0,0,0,0,0.049025,0.088579,0.056267,0.049025,0.072423,FALSE,TRUE,TRUE,FALSE,FALSE
266,31976,0.000715257,28012.87153,3963.128468,,,,,,,,0,5,0.090693,9/21/2022,,recap,459,,2900,0,5,30,35,21,8,1,1,0,1,0,1,0,0,0,0,0,0,0,0,0,0,1,0,1,0,0,0,0,0,0,0,0,0.074652,0.102507,0.039554,0.088579,0.035655,FALSE,TRUE,FALSE,TRUE,FALSE
265,31277,0.000719954,28196.82518,3080.174822,,,,,,,,0,5,0.090897,9/20/2022,,alike,458,,2843,0,6,20,33,27,12,2,1,0,0,0,1,0,0,0,1,0,1,1,0,0,0,0,0,0,0,0,0,0,0,0,0,0,0.088579,0.062396,0.056267,0.019499,0.102507,TRUE,FALSE,TRUE,FALSE,TRUE
264,35050,0.000724697,28382.5918,6667.408203,,,,,,,,0,5,0.09786,9/19/2022,,trice,457,,3430,0,5,24,25,18,17,11,0,0,1,0,1,0,0,0,1,0,0,0,0,0,0,0,0,1,0,1,0,0,0,0,0,0,0.072423,0.074652,0.056267,0.039554,0.102507,FALSE,FALSE,TRUE,FALSE,TRUE
263,33102,0.000729487,28570.19516,4531.804837,,,,,,,,0,5,0.091777,9/18/2022,,stick,456,,3038,1,9,36,35,14,4,0,0,0,1,0,0,0,0,0,1,0,1,0,0,0,0,0,0,0,1,1,0,0,0,0,0,0,0.049025,0.072423,0.056267,0.039554,0.019499,FALSE,FALSE,TRUE,FALSE,FALSE
262,33418,0.000734325,28759.65944,4658.340564,,,,,,,,0,5,0.091956,9/17/2022,,chute,455,,3073,0,11,37,36,12,3,0,0,0,1,0,1,0,0,1,0,0,0,0,0,0,0,0,0,0,0,1,1,0,0,0,0,0,0.039554,0.038997,0.035655,0.072423,0.102507,FALSE,FALSE,TRUE,FALSE,TRUE
261,37309,0.000739211,28951.00917,8357.990828,,,,,,,,1,4,0.110697,9/16/2022,,parer,454,,4130,0,0,4,11,15,22,48,1,0,0,0,1,0,0,0,0,0,0,0,0,0,0,1,0,1,0,0,0,0,0,0,0,0,0.035655,0.088579,0.074652,0.102507,0.074652,FALSE,TRUE,FALSE,TRUE,FALSE
260,33344,0.000744145,29144.26933,4199.73067,,,,,,,,0,5,0.090301,9/15/2022,,doubt,453,,3011,1,12,32,34,16,4,0,0,1,0,1,0,0,0,0,0,0,0,0,0,0,1,0,0,0,0,1,1,0,0,0,0,0,0.030084,0.074095,0.035655,0.01727,0.072423,FALSE,TRUE,TRUE,FALSE,FALSE
259,32142,0.000749129,29339.46528,2802.53472,,,,,,,,0,5,0.091407,9/14/2022,,thyme,452,,2938,1,5,24,41,23,5,0,0,0,0,0,1,0,0,1,0,0,0,0,1,0,0,0,0,0,0,1,0,0,0,0,1,0,0.072423,0.038997,0.033983,0.030641,0.102507,FALSE,FALSE,TRUE,FALSE,TRUE
258,29497,0.000754163,29536.62281,39.62281318,,,,,,,,1,4,0.091738,9/13/2022,,alpha,451,,2706,0,3,19,40,28,9,1,1,0,0,0,0,0,0,1,0,0,0,1,0,0,0,1,0,0,0,0,0,0,0,0,0,0,0.088579,0.062396,0.035655,0.038997,0.088579,TRUE,FALSE,FALSE,FALSE,TRUE
257,29147,0.000759248,29735.76815,588.7681459,,,,,,,,1,4,0.098912,9/12/2022,,booze,450,,2883,0,1,7,27,38,23,4,0,1,0,0,1,0,0,0,0,0,0,0,0,0,1,0,0,0,0,0,0,0,0,0,0,1,0.01727,0.074095,0.074095,0.002786,0.102507,FALSE,TRUE,TRUE,FALSE,TRUE
256,27887,0.000764384,29936.92793,2049.927932,,,,,,,,1,4,0.095923,9/11/2022,,tibia,449,,2675,0,1,14,40,30,12,2,1,1,0,0,0,0,0,0,1,0,0,0,0,0,0,0,0,0,0,1,0,0,0,0,0,0,0.072423,0.056267,0.01727,0.056267,0.088579,FALSE,TRUE,FALSE,TRUE,TRUE
255,29237,0.000769572,30140.12927,903.1292681,,,,,,,,0,5,0.094982,9/10/2022,,lofty,448,,2777,0,4,19,34,27,13,3,0,0,0,0,0,1,0,0,0,0,0,1,0,0,1,0,0,0,0,1,0,0,0,0,1,0,0.062396,0.074095,0.018384,0.072423,0.033983,FALSE,TRUE,FALSE,FALSE,TRUE
254,32172,0.000774814,30345.39971,1826.600294,,,,,,,,1,4,0.09042,9/9/2022,,theme,447,,2909,0,8,29,40,18,4,0,0,0,0,0,1,0,0,1,0,0,0,0,1,0,0,0,0,0,0,1,0,0,0,0,0,0,0.072423,0.038997,0.102507,0.030641,0.102507,FALSE,FALSE,TRUE,FALSE,TRUE
253,31962,0.000780108,30552.76726,1409.232739,,,,,,,,1,4,0.093893,9/8/2022,,class,446,,3001,0,4,21,32,22,13,7,1,0,1,0,0,0,0,0,0,0,0,1,0,0,0,0,0,0,1,0,0,0,0,0,0,0,0.039554,0.062396,0.088579,0.049025,0.049025,FALSE,FALSE,TRUE,FALSE,FALSE
252,30992,0.000785457,30762.26042,229.7395844,,,,,,,,1,4,0.092701,9/7/2022,,leery,445,,2873,0,3,17,37,28,12,2,0,0,0,0,1,0,0,0,0,0,0,1,0,0,0,0,0,1,0,0,0,0,0,0,1,0,0.062396,0.102507,0.102507,0.074652,0.033983,FALSE,TRUE,TRUE,FALSE,TRUE
251,32734,0.000790861,30973.90814,1760.091862,,,,,,,,1,4,0.09232,9/6/2022,,taunt,444,,3022,0,4,19,27,21,16,13,1,0,0,0,0,0,0,0,0,0,0,0,0,1,0,0,0,0,0,1,1,0,0,0,0,0,0.072423,0.088579,0.035655,0.049025,0.072423,FALSE,TRUE,TRUE,FALSE,FALSE
250,32733,0.000796321,31187.73989,1545.260114,,,,,,,,1,4,0.090734,9/5/2022,,whoop,443,,2970,0,1,16,47,29,7,1,0,0,0,0,0,0,0,1,0,0,0,0,0,0,1,1,0,0,0,0,0,0,1,0,0,0,0.016713,0.038997,0.074095,0.074095,0.035655,FALSE,FALSE,TRUE,TRUE,FALSE
249,32018,0.000801838,31403.78562,614.2143832,,,,,,,,0,5,0.09023,9/4/2022,,inter,442,,2889,0,6,25,36,23,8,1,0,0,0,0,1,0,0,0,1,0,0,0,0,1,0,0,0,1,0,1,0,0,0,0,0,0,0.056267,0.049025,0.072423,0.102507,0.074652,TRUE,FALSE,FALSE,TRUE,FALSE
248,31191,0.000807411,31622.0758,431.0757998,,,,,,,,1,4,0.092238,9/3/2022,,gully,441,,2877,0,1,9,27,31,25,7,0,0,0,0,0,0,1,0,0,0,0,1,0,0,0,0,0,0,0,0,1,0,0,0,1,0,0.028412,0.035655,0.062396,0.062396,0.033983,FALSE,TRUE,FALSE,FALSE,TRUE
247,35724,0.000813043,31842.64143,3881.358575,,,,,,,,0,5,0.088148,9/2/2022,,charm,440,,3149,1,12,32,34,16,5,1,1,0,1,0,0,0,0,1,0,0,0,0,1,0,0,0,0,1,0,0,0,0,0,0,0,0,0.039554,0.038997,0.088579,0.074652,0.030641,FALSE,FALSE,TRUE,FALSE,FALSE
246,31903,0.000818734,32065.51402,162.5140154,,,,,,,,0,5,0.091778,9/1/2022,,fungi,439,,2928,0,2,18,41,28,9,1,0,0,0,0,0,1,1,0,1,0,0,0,0,1,0,0,0,0,0,0,1,0,0,0,0,0,0.018384,0.035655,0.049025,0.028412,0.056267,FALSE,TRUE,FALSE,FALSE,TRUE
245,35343,0.000824484,32290.72564,3052.274365,,,,,,,,0,5,0.089579,8/31/2022,,prize,438,,3166,0,5,12,20,32,26,5,0,0,0,0,1,0,0,0,1,0,0,0,0,0,0,1,0,1,0,0,0,0,0,0,0,1,0.035655,0.074652,0.056267,0.002786,0.102507,FALSE,FALSE,TRUE,FALSE,TRUE
244,33660,0.000830295,32518.3089,1141.691097,,,,,,,,0,5,0.089394,8/30/2022,,onset,437,,3009,0,4,29,40,21,6,1,0,0,0,0,1,0,0,0,0,0,0,0,0,1,1,0,0,0,1,1,0,0,0,0,0,0,0.074095,0.049025,0.049025,0.102507,0.072423,TRUE,FALSE,FALSE,TRUE,FALSE
243,34281,0.000836167,32748.297,1532.702997,,,,,,,,0,5,0.089612,8/29/2022,,chief,436,,3072,1,6,32,38,18,5,0,0,0,1,0,1,1,0,1,1,0,0,0,0,0,0,0,0,0,0,0,0,0,0,0,0,0,0.039554,0.038997,0.056267,0.102507,0.018384,FALSE,FALSE,TRUE,TRUE,FALSE
242,30214,0.000842102,32980.7237,2766.723696,,,,,,,,0,5,0.094857,8/28/2022,,gauze,435,,2866,0,2,11,24,31,25,8,1,0,0,0,1,0,1,0,0,0,0,0,0,0,0,0,0,0,0,0,1,0,0,0,0,1,0.028412,0.088579,0.035655,0.002786,0.102507,FALSE,TRUE,TRUE,FALSE,TRUE
241,31241,0.0008481,33215.62333,1974.623332,,,,,,,,1,4,0.089114,8/27/2022,,ruder,434,,2784,0,2,16,33,29,16,4,0,0,0,1,1,0,0,0,0,0,0,0,0,0,0,0,0,1,0,0,1,0,0,0,0,0,0.074652,0.035655,0.030084,0.102507,0.074652,FALSE,TRUE,FALSE,TRUE,FALSE
240,34716,0.000854161,33453.03086,1262.969138,,,,,,,,0,5,0.087741,8/26/2022,,irony,433,,3046,0,6,29,34,21,8,1,0,0,0,0,0,0,0,0,1,0,0,0,0,1,1,0,0,1,0,0,0,0,0,0,1,0,0.056267,0.074652,0.074095,0.049025,0.033983,TRUE,FALSE,TRUE,FALSE,TRUE
239,36737,0.000860288,33692.98185,3044.018151,,,,,,,,0,5,0.086425,8/25/2022,,clown,432,,3175,1,8,29,36,20,6,1,0,0,1,0,0,0,0,0,0,0,0,1,0,1,1,0,0,0,0,0,0,0,1,0,0,0,0.039554,0.062396,0.074095,0.016713,0.049025,FALSE,FALSE,TRUE,FALSE,FALSE
238,33700,0.000866481,33935.51248,235.5124842,,,,,,,,1,4,0.086855,8/24/2022,,needy,431,,2927,0,2,21,41,26,9,1,0,0,0,1,1,0,0,0,0,0,0,0,0,1,0,0,0,0,0,0,0,0,0,0,1,0,0.049025,0.102507,0.102507,0.030084,0.033983,FALSE,TRUE,TRUE,FALSE,TRUE
237,33549,0.00087274,34180.6596,631.6595975,,,,,,,,0,5,0.087424,8/23/2022,,woven,430,,2933,0,2,13,32,32,17,3,0,0,0,0,1,0,0,0,0,0,0,0,0,1,1,0,0,0,0,0,0,1,1,0,0,0,0.016713,0.074095,0.013928,0.102507,0.049025,FALSE,TRUE,FALSE,TRUE,FALSE
236,35888,0.000879067,34428.46067,1459.539328,,,,,,,,0,5,0.087021,8/22/2022,,merit,429,,3123,0,7,33,37,17,5,0,0,0,0,0,1,0,0,0,1,0,0,0,1,0,0,0,0,1,0,1,0,0,0,0,0,0,0.030641,0.102507,0.074652,0.056267,0.072423,FALSE,TRUE,FALSE,TRUE,FALSE
235,35617,0.000885463,34678.95386,938.0461436,,,,,,,,0,5,0.089452,8/21/2022,,waste,428,,3186,1,7,19,27,24,17,5,1,0,0,0,1,0,0,0,0,0,0,0,0,0,0,0,0,0,1,1,0,0,1,0,0,0,0.016713,0.088579,0.049025,0.072423,0.102507,FALSE,TRUE,FALSE,FALSE,TRUE
234,38245,0.000891929,34932.17798,3312.822019,,,,,,,,1,4,0.084952,8/20/2022,,treat,427,,3249,1,22,32,26,14,5,1,1,0,0,0,1,0,0,0,0,0,0,0,0,0,0,0,0,1,0,1,0,0,0,0,0,0,0.072423,0.074652,0.102507,0.088579,0.072423,FALSE,FALSE,TRUE,TRUE,FALSE
233,33965,0.000898465,35188.17257,1223.172572,,,,,,,,0,5,0.087943,8/19/2022,,shrug,426,,2987,0,4,23,36,26,10,1,0,0,0,0,0,0,1,1,0,0,0,0,0,0,0,0,0,1,1,0,1,0,0,0,0,0,0.049025,0.038997,0.074652,0.035655,0.028412,FALSE,FALSE,FALSE,TRUE,FALSE
232,34938,0.000905073,35446.97786,508.9778638,,,,,,,,0,5,0.090789,8/18/2022,,twang,425,,3172,0,3,22,43,25,7,1,1,0,0,0,0,0,1,0,0,0,0,0,0,1,0,0,0,0,0,1,0,0,1,0,0,0,0.072423,0.016713,0.088579,0.049025,0.028412,FALSE,FALSE,TRUE,FALSE,FALSE
231,35815,0.000911754,35708.63482,106.3651836,,,,,,,,0,5,0.088594,8/17/2022,,twice,424,,3173,1,6,28,38,21,6,1,0,0,1,0,1,0,0,0,1,0,0,0,0,0,0,0,0,0,0,1,0,0,1,0,0,0,0.072423,0.016713,0.056267,0.039554,0.102507,FALSE,FALSE,TRUE,FALSE,TRUE
230,35105,0.000918509,35973.18513,868.1851307,,,,,,,,0,5,0.087936,8/16/2022,,gruel,423,,3087,0,3,19,39,29,9,1,0,0,0,0,1,0,1,0,0,0,0,1,0,0,0,0,0,1,0,0,1,0,0,0,0,0,0.028412,0.074652,0.035655,0.102507,0.062396,FALSE,FALSE,TRUE,TRUE,FALSE
229,35376,0.000925339,36240.67126,864.6712638,,,,,,,,0,5,0.089891,8/15/2022,,poker,422,,3180,0,4,17,30,27,17,5,0,0,0,0,1,0,0,0,0,0,1,0,0,0,1,1,0,1,0,0,0,0,0,0,0,0,0.035655,0.074095,0.019499,0.102507,0.074652,FALSE,TRUE,FALSE,TRUE,FALSE
228,31652,0.000932244,36511.13645,4859.136446,,,,,,,,1,4,0.09377,8/14/2022,,khaki,421,,2968,0,2,17,33,28,16,4,1,0,0,0,0,0,0,1,1,0,1,0,0,0,0,0,0,0,0,0,0,0,0,0,0,0,0.019499,0.038997,0.088579,0.019499,0.056267,FALSE,FALSE,TRUE,FALSE,TRUE
227,35276,0.000939227,36784.6247,1508.624695,,,,,,,,0,5,0.090288,8/13/2022,,hunky,420,,3185,0,1,11,33,25,22,7,0,0,0,0,0,0,0,1,0,0,1,0,0,1,0,0,0,0,0,0,1,0,0,0,1,0,0.038997,0.035655,0.049025,0.019499,0.033983,FALSE,TRUE,FALSE,FALSE,TRUE
226,34198,0.000946289,37061.18084,2863.180839,,,,,,,,1,4,0.089947,8/12/2022,,label,419,,3076,0,4,18,32,29,15,2,1,1,0,0,1,0,0,0,0,0,0,1,0,0,0,0,0,0,0,0,0,0,0,0,0,0,0.062396,0.088579,0.01727,0.102507,0.062396,FALSE,TRUE,FALSE,TRUE,FALSE
225,37301,0.00095343,37340.85053,39.85052521,,,,,,,,0,5,0.086941,8/11/2022,,glean,418,,3243,0,6,23,37,24,8,1,1,0,0,0,1,0,1,0,0,0,0,1,0,1,0,0,0,0,0,0,0,0,0,0,0,0,0.028412,0.062396,0.102507,0.088579,0.049025,FALSE,FALSE,TRUE,TRUE,FALSE
224,37654,0.000960651,37623.68025,30.31975306,,,,,,,,0,5,0.087959,8/10/2022,,cling,417,,3312,0,4,20,34,27,13,2,0,0,1,0,0,0,1,0,1,0,0,1,0,1,0,0,0,0,0,0,0,0,0,0,0,0,0.039554,0.062396,0.056267,0.049025,0.028412,FALSE,FALSE,TRUE,FALSE,FALSE
223,36223,0.000967955,37909.71736,1686.717356,,,,,,,,1,4,0.083345,8/9/2022,,patty,416,,3019,0,2,16,39,29,12,1,1,0,0,0,0,0,0,0,0,0,0,0,0,0,0,1,0,0,0,1,0,0,0,0,1,0,0.035655,0.088579,0.072423,0.072423,0.033983,FALSE,TRUE,FALSE,FALSE,TRUE
222,35516,0.000975341,38199.01008,2683.010083,,,,,,,,0,5,0.089734,8/8/2022,,unfit,415,,3187,0,3,24,38,25,9,1,0,0,0,0,0,1,0,0,1,0,0,0,0,1,0,0,0,0,0,1,1,0,0,0,0,0,0.035655,0.049025,0.018384,0.056267,0.072423,TRUE,FALSE,FALSE,TRUE,FALSE
221,36223,0.000982812,38491.60756,2268.607559,,,,,,,,0,5,0.088066,8/7/2022,,smear,414,,3190,0,2,16,39,29,12,2,1,0,0,0,1,0,0,0,0,0,0,0,1,0,0,0,0,1,1,0,0,0,0,0,0,0,0.049025,0.030641,0.102507,0.088579,0.074652,FALSE,FALSE,TRUE,TRUE,FALSE
220,38841,0.000990369,38787.55983,53.44016863,,,,,,,,0,5,0.087408,8/6/2022,,alien,413,,3395,3,17,31,29,15,4,0,1,0,0,0,1,0,0,0,1,0,0,1,0,1,0,0,0,0,0,0,0,0,0,0,0,0,0.088579,0.062396,0.056267,0.102507,0.049025,TRUE,FALSE,TRUE,TRUE,FALSE
219,37350,0.000998012,39086.91789,1736.917888,,,,,,,,1,4,0.09178,8/5/2022,,buggy,412,,3428,0,1,9,29,34,22,5,0,1,0,0,0,0,1,0,0,0,0,0,0,0,0,0,0,0,0,0,1,0,0,0,1,0,0.01727,0.035655,0.028412,0.028412,0.033983,FALSE,TRUE,FALSE,FALSE,TRUE
218,37229,0.001005744,39389.73367,2160.733674,,,,,,,,0,5,0.089608,8/4/2022,,rhyme,411,,3336,0,4,22,39,25,8,1,0,0,0,0,1,0,0,1,0,0,0,0,1,0,0,0,0,1,0,0,0,0,0,0,1,0,0.074652,0.038997,0.033983,0.030641,0.102507,FALSE,FALSE,TRUE,FALSE,TRUE
217,38381,0.001013566,39696.06012,1315.060119,,,,,,,,0,5,0.086684,8/3/2022,,youth,410,,3327,1,5,17,31,29,15,3,0,0,0,0,0,0,0,1,0,0,0,0,0,0,1,0,0,0,0,1,1,0,0,0,1,0,0.033983,0.074095,0.035655,0.072423,0.038997,TRUE,TRUE,TRUE,FALSE,FALSE
216,34909,0.001021478,40005.95115,5096.951152,,,,,,,,1,4,0.096823,8/2/2022,,coyly,409,,3380,0,0,4,17,28,35,15,0,0,1,0,0,0,0,0,0,0,0,1,0,0,1,0,0,0,0,0,0,0,0,0,1,0,0.039554,0.074095,0.033983,0.062396,0.033983,FALSE,TRUE,TRUE,FALSE,TRUE
215,36662,0.001029483,40319.46173,3657.46173,,,,,,,,0,5,0.090093,8/1/2022,,quart,408,,3303,0,5,20,33,27,13,2,1,0,0,0,0,0,0,0,0,0,0,0,0,0,0,0,1,1,0,1,1,0,0,0,0,0,0.002786,0.035655,0.088579,0.074652,0.072423,FALSE,TRUE,TRUE,FALSE,FALSE
214,39250,0.001037582,40636.64786,1386.647857,,,,,,,,0,5,0.085834,7/31/2022,,cramp,407,,3369,1,8,26,33,19,10,2,1,0,1,0,0,0,0,0,0,0,0,0,1,0,0,1,0,1,0,0,0,0,0,0,0,0,0.039554,0.074652,0.088579,0.030641,0.035655,FALSE,FALSE,TRUE,FALSE,FALSE
213,37353,0.001045776,40957.56661,3604.566608,,,,,,,,1,4,0.084893,7/30/2022,,bluff,406,,3171,0,2,14,42,31,10,1,0,1,0,0,0,1,0,0,0,0,0,1,0,0,0,0,0,0,0,0,1,0,0,0,0,0,0.01727,0.062396,0.035655,0.018384,0.018384,FALSE,FALSE,TRUE,FALSE,FALSE
212,37791,0.001054067,41282.27616,3491.276157,,,,,,,,0,5,0.08502,7/29/2022,,upset,405,,3213,0,5,30,38,20,6,1,0,0,0,0,1,0,0,0,0,0,0,0,0,0,0,1,0,0,1,1,1,0,0,0,0,0,0.035655,0.035655,0.049025,0.102507,0.072423,TRUE,FALSE,FALSE,TRUE,FALSE
211,40650,0.001062456,41610.8358,960.835798,,,,,,,,0,5,0.085855,7/28/2022,,stomp,404,,3490,0,7,26,32,21,11,2,0,0,0,0,0,0,0,0,0,0,0,0,1,0,1,1,0,0,1,1,0,0,0,0,0,0,0.049025,0.072423,0.074095,0.030641,0.035655,FALSE,FALSE,TRUE,FALSE,FALSE
210,38384,0.001070945,41943.30597,3559.305971,,,,,,,,1,3,0.085583,7/27/2022,,motto,403,,3285,0,1,11,36,36,14,1,0,0,0,0,0,0,0,0,0,0,0,0,1,0,1,0,0,0,0,1,0,0,0,0,0,0,0.030641,0.074095,0.072423,0.072423,0.074095,FALSE,TRUE,FALSE,FALSE,TRUE
209,39171,0.001079535,42279.74829,3108.748289,,,,,,,,1,4,0.089531,7/26/2022,,cinch,402,,3507,0,2,15,24,22,25,13,0,0,1,0,0,0,0,1,1,0,0,0,0,1,0,0,0,0,0,0,0,0,0,0,0,0,0.039554,0.056267,0.049025,0.039554,0.038997,FALSE,TRUE,FALSE,FALSE,FALSE
208,39228,0.001088229,42620.22557,3392.225567,,,,,,,,1,4,0.085118,7/25/2022,,elope,401,,3339,0,4,22,32,26,13,2,0,0,0,0,1,0,0,0,0,0,0,1,0,0,1,1,0,0,0,0,0,0,0,0,0,0,0.102507,0.062396,0.074095,0.035655,0.102507,TRUE,FALSE,TRUE,FALSE,TRUE
207,39813,0.001097027,42964.80184,3151.801843,,,,,,,,0,5,0.085424,7/24/2022,,power,400,,3401,2,6,19,29,24,15,4,0,0,0,0,1,0,0,0,0,0,0,0,0,0,1,1,0,1,0,0,0,0,1,0,0,0,0.035655,0.074095,0.016713,0.102507,0.074652,FALSE,TRUE,FALSE,TRUE,FALSE
206,36769,0.001105931,43313.54242,6544.542416,,,,,,,,0,5,0.084609,7/23/2022,,midge,399,,3111,0,2,18,39,28,10,2,0,0,0,1,1,0,1,0,1,0,0,0,1,0,0,0,0,0,0,0,0,0,0,0,0,0,0.030641,0.056267,0.030084,0.028412,0.102507,FALSE,TRUE,FALSE,FALSE,TRUE
205,43099,0.001114944,43666.51386,567.5138645,,,,,,,,1,4,0.085037,7/22/2022,,tryst,398,,3665,0,3,26,41,23,6,1,0,0,0,0,0,0,0,0,0,0,0,0,0,0,0,0,0,1,1,1,0,0,0,0,1,0,0.072423,0.074652,0.033983,0.049025,0.072423,FALSE,FALSE,TRUE,FALSE,FALSE
204,39086,0.001124066,44023.78409,4937.784085,,,,,,,,0,5,0.086143,7/21/2022,,aphid,397,,3367,0,6,24,36,23,9,2,1,0,0,1,0,0,0,1,1,0,0,0,0,0,0,1,0,0,0,0,0,0,0,0,0,0,0.088579,0.035655,0.038997,0.056267,0.030084,TRUE,FALSE,FALSE,TRUE,FALSE
203,42237,0.0011333,44385.42232,2148.422318,,,,,,,,1,4,0.087246,7/20/2022,,trite,396,,3685,0,4,14,22,22,23,15,0,0,0,0,1,0,0,0,1,0,0,0,0,0,0,0,0,1,0,1,0,0,0,0,0,0,0.072423,0.074652,0.056267,0.072423,0.102507,FALSE,FALSE,TRUE,FALSE,TRUE
202,39667,0.001142647,44751.49918,5084.499181,,,,,,,,0,5,0.084655,7/19/2022,,angry,395,,3358,0,5,27,38,21,7,1,1,0,0,0,0,0,1,0,0,0,0,0,0,1,0,0,0,1,0,0,0,0,0,0,1,0,0.088579,0.049025,0.028412,0.074652,0.033983,TRUE,FALSE,FALSE,FALSE,TRUE
201,42574,0.001152109,45122.0867,2548.086698,,,,,,,,0,5,0.083337,7/18/2022,,flock,394,,3548,0,4,22,37,27,9,1,0,0,1,0,0,1,0,0,0,0,1,1,0,0,1,0,0,0,0,0,0,0,0,0,0,0,0.018384,0.062396,0.074095,0.039554,0.019499,FALSE,FALSE,TRUE,FALSE,FALSE
200,39611,0.001161688,45497.25834,5886.258336,,,,,,,,0,5,0.084446,7/17/2022,,wacky,393,,3345,0,3,18,39,27,10,2,1,0,1,0,0,0,0,0,0,0,1,0,0,0,0,0,0,0,0,0,0,0,1,0,1,0,0.016713,0.088579,0.039554,0.019499,0.033983,FALSE,TRUE,FALSE,FALSE,TRUE
199,38769,0.001171387,45877.08904,7108.08904,,,,,,,,1,4,0.084604,7/16/2022,,roomy,392,,3280,0,2,17,41,28,10,2,0,0,0,0,0,0,0,0,0,0,0,0,1,0,1,0,0,1,0,0,0,0,0,0,1,0,0.074652,0.074095,0.074095,0.030641,0.033983,FALSE,TRUE,TRUE,FALSE,TRUE
198,39234,0.001181206,46261.65526,7027.655261,,,,,,,,1,4,0.085462,7/15/2022,,wedge,391,,3353,0,2,11,32,37,17,2,0,0,0,1,1,0,1,0,0,0,0,0,0,0,0,0,0,0,0,0,0,0,1,0,0,0,0.016713,0.102507,0.030084,0.028412,0.102507,FALSE,TRUE,FALSE,FALSE,TRUE
197,40549,0.001191148,46651.035,6102.035,,,,,,,,0,5,0.083553,7/14/2022,,liver,390,,3388,0,4,16,26,25,20,8,0,0,0,0,1,0,0,0,1,0,0,1,0,0,0,0,0,1,0,0,0,1,0,0,0,0,0.062396,0.056267,0.013928,0.102507,0.074652,FALSE,TRUE,FALSE,TRUE,FALSE
196,46246,0.001201215,47045.30784,799.3078395,,,,,,,,0,5,0.080591,7/13/2022,,bland,389,,3727,0,7,31,38,18,4,0,1,1,0,1,0,0,0,0,0,0,0,1,0,1,0,0,0,0,0,0,0,0,0,0,0,0,0.01727,0.062396,0.088579,0.049025,0.030084,FALSE,FALSE,TRUE,FALSE,FALSE
195,46910,0.001211409,47444.55498,534.5549832,,,,,,,,0,5,0.082498,7/12/2022,,night,388,,3870,1,8,27,27,17,13,7,0,0,0,0,0,0,1,1,1,0,0,0,0,1,0,0,0,0,0,1,0,0,0,0,0,0,0.049025,0.056267,0.028412,0.038997,0.072423,FALSE,TRUE,FALSE,FALSE,FALSE
194,40545,0.001221732,47848.85929,7303.859294,,,,,,,,1,3,0.084597,7/11/2022,,madam,387,,3430,0,3,13,35,34,14,2,1,0,0,1,0,0,0,0,0,0,0,0,1,0,0,0,0,0,0,0,0,0,0,0,0,0,0.030641,0.088579,0.030084,0.088579,0.030641,FALSE,TRUE,FALSE,TRUE,FALSE
193,41785,0.001232187,48258.30534,6473.305335,,,,,,,,0,5,0.083619,7/10/2022,,berth,386,,3494,0,7,24,35,24,9,1,0,1,0,0,1,0,0,1,0,0,0,0,0,0,0,0,0,1,0,1,0,0,0,0,0,0,0.01727,0.102507,0.074652,0.072423,0.038997,FALSE,TRUE,FALSE,FALSE,FALSE
192,47094,0.001242775,48672.97941,1578.979409,,,,,,,,0,5,0.083514,7/9/2022,,stead,385,,3933,1,6,20,27,28,16,3,1,0,0,1,1,0,0,0,0,0,0,0,0,0,0,0,0,0,1,1,0,0,0,0,0,0,0.049025,0.072423,0.102507,0.088579,0.030084,FALSE,FALSE,TRUE,TRUE,FALSE
191,42806,0.001253498,49092.9696,6286.9696,,,,,,,,0,5,0.08139,7/8/2022,,voice,384,,3484,1,5,24,35,25,9,1,0,0,1,0,1,0,0,0,1,0,0,0,0,0,1,0,0,0,0,0,0,1,0,0,0,0,0.013928,0.074095,0.056267,0.039554,0.102507,FALSE,TRUE,TRUE,FALSE,TRUE
190,43407,0.00126436,49518.36582,6111.365819,,,,,,,,1,4,0.084572,7/7/2022,,agape,383,,3671,0,2,18,36,27,15,3,1,0,0,0,1,0,1,0,0,0,0,0,0,0,0,1,0,0,0,0,0,0,0,0,0,0,0.088579,0.028412,0.088579,0.035655,0.102507,TRUE,FALSE,TRUE,FALSE,TRUE
189,47344,0.001275362,49949.25985,2605.259845,,,,,,,,1,3,0.085523,7/6/2022,,fluff,382,,4049,0,0,4,25,44,23,4,0,0,0,0,0,1,0,0,0,0,0,1,0,0,0,0,0,0,0,0,1,0,0,0,0,0,0.018384,0.062396,0.035655,0.018384,0.018384,FALSE,FALSE,TRUE,FALSE,FALSE
188,44578,0.001286507,50385.74537,5807.745375,,,,,,,,0,5,0.080847,7/5/2022,,field,381,,3604,1,6,25,36,23,9,1,0,0,0,1,1,1,0,0,1,0,0,1,0,0,0,0,0,0,0,0,0,0,0,0,0,0,0.018384,0.056267,0.102507,0.062396,0.030084,FALSE,TRUE,TRUE,FALSE,FALSE
187,42645,0.001297797,50827.91806,8182.918064,,,,,,,,1,4,0.084207,7/4/2022,,sever,380,,3591,0,2,13,27,29,21,7,0,0,0,0,1,0,0,0,0,0,0,0,0,0,0,0,0,1,1,0,0,1,0,0,0,0,0.049025,0.102507,0.013928,0.102507,0.074652,FALSE,TRUE,FALSE,TRUE,FALSE
186,40486,0.001309235,51275.87558,10789.87558,,,,,,,,1,4,0.085486,7/3/2022,,lilac,379,,3461,0,2,17,38,29,12,1,1,0,1,0,0,0,0,0,1,0,0,1,0,0,0,0,0,0,0,0,0,0,0,0,0,0,0.062396,0.056267,0.062396,0.088579,0.039554,FALSE,TRUE,FALSE,TRUE,FALSE
185,41765,0.001320823,51729.71765,9964.71765,,,,,,,,1,4,0.084161,7/2/2022,,egret,378,,3515,0,3,14,33,33,15,2,0,0,0,0,1,0,1,0,0,0,0,0,0,0,0,0,0,1,0,1,0,0,0,0,0,0,0.102507,0.028412,0.074652,0.102507,0.072423,TRUE,FALSE,FALSE,TRUE,FALSE
184,47248,0.001332564,52189.54611,4941.546107,,,,,,,,0,5,0.080257,7/1/2022,,pinto,377,,3792,0,5,25,41,22,6,1,0,0,0,0,0,0,0,0,1,0,0,0,0,1,1,1,0,0,0,1,0,0,0,0,0,0,0.035655,0.056267,0.049025,0.072423,0.074095,FALSE,TRUE,FALSE,FALSE,TRUE
183,44212,0.00134446,52655.46495,8443.464952,,,,,,,,1,4,0.085,6/30/2022,,hutch,376,,3758,0,1,12,28,28,21,9,0,0,1,0,0,0,0,1,0,0,0,0,0,0,0,0,0,0,0,1,1,0,0,0,0,0,0.038997,0.035655,0.072423,0.039554,0.038997,FALSE,TRUE,FALSE,FALSE,FALSE
182,45645,0.001356515,53127.5804,7482.580397,,,,,,,,0,5,0.086691,6/29/2022,,gawky,375,,3957,0,1,5,22,33,28,10,1,0,0,0,0,0,1,0,0,0,1,0,0,0,0,0,0,0,0,0,0,0,1,0,1,0,0.028412,0.088579,0.016713,0.019499,0.033983,FALSE,TRUE,FALSE,FALSE,TRUE
181,47312,0.00136873,53606.00093,6294.000926,,,,,,,,1,4,0.081248,6/28/2022,,droll,374,,3844,0,2,16,31,31,17,3,0,0,0,1,0,0,0,0,0,0,0,1,0,0,1,0,0,1,0,0,0,0,0,0,0,0,0.030084,0.074652,0.074095,0.062396,0.062396,FALSE,FALSE,TRUE,FALSE,FALSE
180,47986,0.00138111,54090.83735,6104.837352,,,,,,,,1,4,0.08019,6/27/2022,,retro,373,,3848,0,6,24,35,24,9,1,0,0,0,0,1,0,0,0,0,0,0,0,0,0,1,0,0,1,0,1,0,0,0,0,0,0,0.074652,0.102507,0.072423,0.074652,0.074095,FALSE,TRUE,FALSE,FALSE,TRUE
179,50450,0.001393656,54582.20287,4132.202869,,,,,,,,0,5,0.078375,6/26/2022,,rusty,372,,3954,0,9,37,34,13,5,1,0,0,0,0,0,0,0,0,0,0,0,0,0,0,0,0,0,1,1,1,1,0,0,0,1,0,0.074652,0.035655,0.049025,0.072423,0.033983,FALSE,TRUE,FALSE,FALSE,TRUE
178,46089,0.001406371,55080.21312,8991.213119,,,,,,,,0,5,0.079629,6/25/2022,,beady,371,,3670,0,3,19,39,29,10,1,1,1,0,1,1,0,0,0,0,0,0,0,0,0,0,0,0,0,0,0,0,0,0,0,1,0,0.01727,0.102507,0.088579,0.030084,0.033983,FALSE,TRUE,TRUE,FALSE,TRUE
177,50617,0.00141926,55584.98625,4967.98625,,,,,,,,0,5,0.078847,6/24/2022,,smite,370,,3991,0,6,23,35,24,11,2,0,0,0,0,1,0,0,0,1,0,0,0,1,0,0,0,0,0,1,1,0,0,0,0,0,0,0.049025,0.030641,0.056267,0.072423,0.102507,FALSE,FALSE,TRUE,FALSE,TRUE
176,53111,0.001432324,56096.64298,2985.642977,,,,,,,,0,5,0.077536,6/23/2022,,brink,369,,4118,0,4,22,41,24,7,1,0,1,0,0,0,0,0,0,1,0,1,0,0,1,0,0,0,1,0,0,0,0,0,0,0,0,0.01727,0.074652,0.056267,0.049025,0.019499,FALSE,FALSE,TRUE,FALSE,FALSE
175,47645,0.001445567,56615.30665,8970.306653,,,,,,,,0,5,0.081037,6/22/2022,,awful,368,,3861,0,5,21,33,27,12,2,1,0,0,0,0,1,0,0,0,0,0,1,0,0,0,0,0,0,0,0,1,0,1,0,0,0,0.088579,0.016713,0.018384,0.035655,0.062396,TRUE,FALSE,FALSE,TRUE,FALSE
174,53342,0.001458992,57141.10333,3799.103327,,,,,,,,0,5,0.078625,6/21/2022,,gloat,367,,4194,0,8,21,31,26,12,2,1,0,0,0,0,0,1,0,0,0,0,1,0,0,1,0,0,0,0,1,0,0,0,0,0,0,0.028412,0.062396,0.074095,0.088579,0.072423,FALSE,FALSE,TRUE,TRUE,FALSE
173,50484,0.001472603,57674.16182,7190.16182,,,,,,,,0,5,0.078243,6/20/2022,,input,366,,3950,0,5,30,38,21,6,1,0,0,0,0,0,0,0,0,1,0,0,0,0,1,0,1,0,0,0,1,1,0,0,0,0,0,0.056267,0.049025,0.035655,0.035655,0.072423,TRUE,FALSE,FALSE,TRUE,FALSE
172,55359,0.001486403,58214.61379,2855.613793,,,,,,,,0,5,0.079463,6/19/2022,,loser,365,,4399,1,10,28,32,19,8,2,0,0,0,0,1,0,0,0,0,0,0,1,0,0,1,0,0,1,1,0,0,0,0,0,0,0,0.062396,0.074095,0.049025,0.102507,0.074652,FALSE,TRUE,FALSE,TRUE,FALSE
171,47205,0.001500394,58762.59382,11557.59382,,,,,,,,1,3,0.086876,6/18/2022,,cacao,364,,4101,0,1,9,27,36,23,4,1,0,1,0,0,0,0,0,0,0,0,0,0,0,1,0,0,0,0,0,0,0,0,0,0,0,0.039554,0.088579,0.039554,0.088579,0.074095,FALSE,TRUE,FALSE,TRUE,TRUE
170,54665,0.001514582,59318.23945,4653.239447,,,,,,,,0,5,0.077765,6/17/2022,,blown,363,,4251,0,6,23,35,26,10,1,0,1,0,0,0,0,0,0,0,0,0,1,0,1,1,0,0,0,0,0,0,0,1,0,0,0,0.01727,0.062396,0.074095,0.016713,0.049025,FALSE,FALSE,TRUE,FALSE,FALSE
169,53430,0.001528968,59881.69131,6451.691308,,,,,,,,0,5,0.076961,6/16/2022,,apron,362,,4112,0,7,30,38,19,5,1,1,0,0,0,0,0,0,0,0,0,0,0,0,1,1,1,0,1,0,0,0,0,0,0,0,0,0.088579,0.035655,0.074652,0.074095,0.049025,TRUE,FALSE,FALSE,TRUE,FALSE
168,55989,0.001543558,60453.09316,4464.093159,,,,,,,,0,5,0.078426,6/15/2022,,primo,361,,4391,0,3,22,38,25,10,2,0,0,0,0,0,0,0,0,1,0,0,0,1,0,1,1,0,1,0,0,0,0,0,0,0,0,0.035655,0.074652,0.056267,0.030641,0.074095,FALSE,FALSE,TRUE,FALSE,TRUE
167,59968,0.001558354,61032.59198,1064.591985,,,,,,,,0,5,0.079409,6/14/2022,,atone,360,,4762,2,16,34,29,14,4,1,1,0,0,0,1,0,0,0,0,0,0,0,0,1,1,0,0,0,0,1,0,0,0,0,0,0,0.088579,0.072423,0.074095,0.049025,0.102507,TRUE,FALSE,TRUE,FALSE,TRUE
166,53802,0.001573361,61620.33807,7818.338073,,,,,,,,1,4,0.076986,6/13/2022,,donor,359,,4142,0,3,27,38,23,7,1,0,0,0,1,0,0,0,0,0,0,0,0,0,1,1,0,0,1,0,0,0,0,0,0,0,0,0.030084,0.074095,0.049025,0.074095,0.074652,FALSE,TRUE,FALSE,TRUE,FALSE
165,56684,0.001588583,62216.4851,5532.485103,,,,,,,,0,5,0.076265,6/12/2022,,float,358,,4323,1,12,30,32,18,6,1,1,0,0,0,0,1,0,0,0,0,0,1,0,0,1,0,0,0,0,1,0,0,0,0,0,0,0.018384,0.062396,0.074095,0.088579,0.072423,FALSE,FALSE,TRUE,TRUE,FALSE
164,51958,0.001604023,62821.19023,10863.19023,,,,,,,,1,4,0.07866,6/11/2022,,goose,357,,4087,0,2,12,28,32,21,5,0,0,0,0,1,0,1,0,0,0,0,0,0,0,1,0,0,0,1,0,0,0,0,0,0,0,0.028412,0.074095,0.074095,0.049025,0.102507,FALSE,TRUE,TRUE,FALSE,TRUE
163,55376,0.001619686,63434.61418,8058.614181,,,,,,,,0,5,0.078084,6/10/2022,,piety,356,,4324,0,4,25,41,22,7,1,0,0,0,0,1,0,0,0,1,0,0,0,0,0,0,1,0,0,0,1,0,0,0,0,1,0,0.035655,0.056267,0.102507,0.072423,0.033983,FALSE,TRUE,TRUE,FALSE,TRUE
162,60020,0.001635575,64056.92134,4036.921341,,,,,,,,0,5,0.077724,6/9/2022,,girth,355,,4665,0,6,23,33,23,12,3,0,0,0,0,0,0,1,1,1,0,0,0,0,0,0,0,0,1,0,1,0,0,0,0,0,0,0.028412,0.056267,0.074652,0.072423,0.038997,FALSE,TRUE,FALSE,FALSE,FALSE
161,61026,0.001651696,64688.27985,3662.279851,,,,,,,,1,4,0.075492,6/8/2022,,trait,354,,4607,0,6,22,35,24,11,2,1,0,0,0,0,0,0,0,1,0,0,0,0,0,0,0,0,1,0,1,0,0,0,0,0,0,0.072423,0.074652,0.088579,0.056267,0.072423,FALSE,FALSE,TRUE,TRUE,FALSE
160,58991,0.001668052,65328.86171,6337.861707,,,,,,,,1,4,0.075266,6/7/2022,,flood,353,,4440,0,3,20,40,28,8,1,0,0,0,1,0,1,0,0,0,0,0,1,0,0,1,0,0,0,0,0,0,0,0,0,0,0,0.018384,0.062396,0.074095,0.074095,0.030084,FALSE,FALSE,TRUE,TRUE,FALSE
159,58478,0.001684648,65978.84286,7500.84286,,,,,,,,1,4,0.077773,6/6/2022,,gloom,352,,4548,0,2,14,35,35,13,1,0,0,0,0,0,0,1,0,0,0,0,1,1,0,1,0,0,0,0,0,0,0,0,0,0,0,0.028412,0.062396,0.074095,0.074095,0.030641,FALSE,FALSE,TRUE,TRUE,FALSE
158,56738,0.001701488,66638.40332,9900.403317,,,,,,,,0,5,0.076298,6/5/2022,,depth,351,,4329,0,6,28,39,20,6,1,0,0,0,1,1,0,0,1,0,0,0,0,0,0,0,1,0,0,0,1,0,0,0,0,0,0,0.030084,0.102507,0.035655,0.072423,0.038997,FALSE,TRUE,FALSE,FALSE,FALSE
157,58263,0.001718578,67307.72725,9044.727251,,,,,,,,0,5,0.076069,6/4/2022,,froth,350,,4432,0,5,22,35,25,11,1,0,0,0,0,0,1,0,1,0,0,0,0,0,0,1,0,0,1,0,1,0,0,0,0,0,0,0.018384,0.074652,0.074095,0.072423,0.038997,FALSE,FALSE,TRUE,FALSE,FALSE
156,65431,0.001735922,67987.00311,2556.003107,,,,,,,,0,5,0.075759,6/3/2022,,peach,349,,4957,1,13,38,32,13,3,0,1,0,1,0,1,0,0,1,0,0,0,0,0,0,0,1,0,0,0,0,0,0,0,0,0,0,0.035655,0.102507,0.088579,0.039554,0.038997,FALSE,TRUE,TRUE,FALSE,FALSE
155,61278,0.001753526,68676.42372,7398.423717,,,,,,,,0,5,0.077842,6/2/2022,,showy,348,,4770,0,2,16,37,30,13,2,0,0,0,0,0,0,0,1,0,0,0,0,0,0,1,0,0,0,1,0,0,0,1,0,1,0,0.049025,0.038997,0.074095,0.016713,0.033983,FALSE,FALSE,TRUE,FALSE,TRUE
154,63241,0.001771393,69376.18641,6135.186413,,,,,,,,0,5,0.075853,6/1/2022,,creak,347,,4797,0,5,21,32,25,14,3,1,0,1,0,1,0,0,0,0,0,1,0,0,0,0,0,0,1,0,0,0,0,0,0,0,0,0.039554,0.074652,0.102507,0.088579,0.019499,FALSE,FALSE,TRUE,TRUE,FALSE
153,62768,0.001789529,70086.49315,7318.493146,,,,,,,,0,5,0.076504,5/31/2022,,manor,346,,4802,0,6,27,34,21,10,2,1,0,0,0,0,0,0,0,0,0,0,0,1,1,1,0,0,1,0,0,0,0,0,0,0,0,0.030641,0.088579,0.049025,0.074095,0.074652,FALSE,TRUE,FALSE,TRUE,FALSE
152,60969,0.00180794,70807.55061,9838.550608,,,,,,,,1,4,0.077761,5/30/2022,,atoll,345,,4741,0,6,28,36,21,8,1,1,0,0,0,0,0,0,0,0,0,0,1,0,0,1,0,0,0,0,1,0,0,0,0,0,0,0.088579,0.072423,0.074095,0.062396,0.062396,TRUE,FALSE,TRUE,FALSE,FALSE
151,56839,0.001826631,71539.57036,14700.57036,,,,,,,,0,5,0.078027,5/29/2022,,bayou,344,,4435,0,6,17,33,29,13,2,1,1,0,0,0,0,0,0,0,0,0,0,0,0,1,0,0,0,0,0,1,0,0,0,1,0,0.01727,0.088579,0.033983,0.074095,0.035655,FALSE,TRUE,TRUE,TRUE,TRUE
150,60069,0.001845607,72282.76895,12213.76895,,,,,,,,0,5,0.075946,5/28/2022,,crept,343,,4562,0,4,27,38,22,7,1,0,0,1,0,1,0,0,0,0,0,0,0,0,0,0,1,0,1,0,1,0,0,0,0,0,0,0.039554,0.074652,0.102507,0.035655,0.072423,FALSE,FALSE,TRUE,FALSE,FALSE
149,63846,0.001864874,73037.36805,9191.368049,,,,,,,,1,4,0.075839,5/27/2022,,tiara,342,,4842,0,8,36,33,17,6,1,1,0,0,0,0,0,0,0,1,0,0,0,0,0,0,0,0,1,0,1,0,0,0,0,0,0,0.072423,0.056267,0.088579,0.074652,0.088579,FALSE,TRUE,TRUE,FALSE,TRUE
148,63188,0.001884438,73803.59461,10615.59461,,,,,,,,1,4,0.074903,5/26/2022,,asset,341,,4733,0,7,28,34,21,8,1,1,0,0,0,1,0,0,0,0,0,0,0,0,0,0,0,0,0,1,1,0,0,0,0,0,0,0.088579,0.049025,0.049025,0.102507,0.072423,TRUE,FALSE,FALSE,TRUE,FALSE
147,62723,0.001904305,74581.68096,11858.68096,,,,,,,,0,5,0.077085,5/25/2022,,vouch,340,,4835,0,2,9,25,33,24,6,0,0,1,0,0,0,0,1,0,0,0,0,0,0,1,0,0,0,0,0,1,1,0,0,0,0,0.013928,0.074095,0.035655,0.039554,0.038997,FALSE,TRUE,TRUE,FALSE,FALSE
146,63380,0.001924481,75371.86499,11991.86499,,,,,,,,0,5,0.075876,5/24/2022,,album,339,,4809,0,5,26,35,24,9,1,1,1,0,0,0,0,0,0,0,0,0,1,1,0,0,0,0,0,0,0,1,0,0,0,0,0,0.088579,0.062396,0.01727,0.035655,0.030641,TRUE,FALSE,FALSE,TRUE,FALSE
145,66431,0.001944972,76174.39026,9743.390259,,,,,,,,0,5,0.073851,5/23/2022,,hinge,338,,4906,0,5,25,37,22,9,2,0,0,0,0,1,0,1,1,1,0,0,0,0,1,0,0,0,0,0,0,0,0,0,0,0,0,0.038997,0.056267,0.049025,0.028412,0.102507,FALSE,TRUE,FALSE,FALSE,TRUE
144,67909,0.001965785,76989.50618,9080.50618,,,,,,,,0,5,0.072568,5/22/2022,,money,337,,4928,1,7,26,36,21,8,1,0,0,0,0,1,0,0,0,0,0,0,0,1,1,1,0,0,0,0,0,0,0,0,0,1,0,0.030641,0.074095,0.049025,0.102507,0.033983,FALSE,TRUE,FALSE,TRUE,TRUE
143,66814,0.001986925,77817.46815,11003.46815,,,,,,,,0,5,0.074431,5/21/2022,,scrap,336,,4973,1,9,28,34,20,8,1,1,0,1,0,0,0,0,0,0,0,0,0,0,0,0,1,0,1,1,0,0,0,0,0,0,0,0.049025,0.039554,0.074652,0.088579,0.035655,FALSE,FALSE,FALSE,TRUE,FALSE
142,69884,0.0020084,78658.53772,8774.537723,,,,,,,,0,5,0.074953,5/20/2022,,gamer,335,,5238,1,4,17,28,26,18,6,1,0,0,0,1,0,1,0,0,0,0,0,1,0,0,0,0,1,0,0,0,0,0,0,0,0,0.028412,0.088579,0.030641,0.102507,0.074652,FALSE,TRUE,FALSE,TRUE,FALSE
141,70920,0.002030217,79512.98276,8592.982756,,,,,,,,1,4,0.072786,5/19/2022,,glass,334,,5162,0,4,19,33,27,14,3,1,0,0,0,0,0,1,0,0,0,0,1,0,0,0,0,0,0,1,0,0,0,0,0,0,0,0.028412,0.062396,0.088579,0.049025,0.049025,FALSE,FALSE,TRUE,FALSE,FALSE
140,73933,0.002052382,80381.07759,6448.077587,,,,,,,,0,5,0.074987,5/18/2022,,scour,333,,5544,0,8,34,35,17,5,1,0,0,1,0,0,0,0,0,0,0,0,0,0,0,1,0,0,1,1,0,1,0,0,0,0,0,0.049025,0.039554,0.074095,0.035655,0.074652,FALSE,FALSE,TRUE,TRUE,FALSE
139,70722,0.002074903,81263.1032,10541.1032,,,,,,,,0,5,0.072707,5/17/2022,,being,332,,5142,0,4,22,37,26,10,1,0,1,0,0,1,0,1,0,1,0,0,0,0,1,0,0,0,0,0,0,0,0,0,0,0,0,0.01727,0.102507,0.056267,0.049025,0.028412,FALSE,TRUE,TRUE,FALSE,FALSE
138,68349,0.002097787,82159.34741,13810.34741,,,,,,,,1,4,0.075773,5/16/2022,,delve,331,,5179,0,2,14,32,33,16,2,0,0,0,1,1,0,0,0,0,0,0,1,0,0,0,0,0,0,0,0,0,1,0,0,0,0,0.030084,0.102507,0.062396,0.013928,0.102507,FALSE,TRUE,FALSE,FALSE,TRUE
137,67115,0.002121042,83070.10501,15955.10501,,,,,,,,0,5,0.073948,5/15/2022,,yield,330,,4963,0,4,16,29,29,18,4,0,0,0,1,1,0,0,0,1,0,0,1,0,0,0,0,0,0,0,0,0,0,0,0,1,0,0.033983,0.056267,0.102507,0.062396,0.030084,TRUE,TRUE,TRUE,FALSE,FALSE
136,73225,0.002144674,83995.67798,10770.67798,,,,,,,,0,5,0.072243,5/14/2022,,metal,329,,5290,1,10,31,34,18,7,1,1,0,0,0,1,0,0,0,0,0,0,1,1,0,0,0,0,0,0,1,0,0,0,0,0,0,0.030641,0.102507,0.072423,0.088579,0.062396,FALSE,TRUE,FALSE,TRUE,FALSE
135,77585,0.002168693,84936.37568,7351.375683,,,,,,,,0,5,0.071174,5/13/2022,,tipsy,328,,5522,0,6,33,38,17,5,1,0,0,0,0,0,0,0,0,1,0,0,0,0,0,0,1,0,0,1,1,0,0,0,0,1,0,0.072423,0.056267,0.035655,0.049025,0.033983,FALSE,TRUE,FALSE,FALSE,TRUE
134,75673,0.002193107,85892.51502,10219.51502,,,,,,,,0,5,0.071611,5/12/2022,,slung,327,,5419,0,2,16,37,31,13,2,0,0,0,0,0,0,1,0,0,0,0,1,0,1,0,0,0,0,1,0,1,0,0,0,0,0,0.049025,0.062396,0.035655,0.049025,0.028412,FALSE,FALSE,TRUE,FALSE,FALSE
133,79446,0.002217922,86864.42065,7418.420648,,,,,,,,0,5,0.071596,5/11/2022,,farce,326,,5688,0,9,26,32,21,9,1,1,0,1,0,1,1,0,0,0,0,0,0,0,0,0,0,0,1,0,0,0,0,0,0,0,0,0.018384,0.088579,0.074652,0.039554,0.102507,FALSE,TRUE,FALSE,FALSE,TRUE
132,74412,0.002243149,87852.42517,13440.42517,,,,,,,,0,5,0.073765,5/10/2022,,gecko,325,,5489,0,2,16,38,29,12,2,0,0,1,0,1,0,1,0,0,0,1,0,0,0,1,0,0,0,0,0,0,0,0,0,0,0,0.028412,0.102507,0.039554,0.019499,0.074095,FALSE,TRUE,FALSE,FALSE,TRUE
131,88932,0.002268796,88856.86935,75.1306452,,,,,,,,0,5,0.069109,5/9/2022,,shine,324,,6146,1,14,32,30,17,6,1,0,0,0,0,1,0,0,1,1,0,0,0,0,1,0,0,0,0,1,0,0,0,0,0,0,0,0.049025,0.038997,0.056267,0.049025,0.102507,FALSE,FALSE,TRUE,FALSE,TRUE
130,72518,0.002294871,89878.10231,17360.10231,,,,,,,,1,4,0.072479,5/8/2022,,canny,323,,5256,0,2,10,30,34,20,4,1,0,1,0,0,0,0,0,0,0,0,0,0,1,0,0,0,0,0,0,0,0,0,0,1,0,0.039554,0.088579,0.049025,0.049025,0.033983,FALSE,TRUE,FALSE,FALSE,TRUE
129,74458,0.002321384,90916.48171,16458.48171,,,,,,,,0,5,0.070281,5/7/2022,,midst,322,,5233,0,3,25,39,24,9,1,0,0,0,1,0,0,0,0,1,0,0,0,1,0,0,0,0,0,1,1,0,0,0,0,0,0,0.030641,0.056267,0.030084,0.049025,0.072423,FALSE,TRUE,FALSE,FALSE,FALSE
128,76292,0.002348345,91972.37403,15680.37403,,,,,,,,0,5,0.071856,5/6/2022,,badge,321,,5482,0,4,20,35,26,12,2,1,1,0,1,1,0,1,0,0,0,0,0,0,0,0,0,0,0,0,0,0,0,0,0,0,0,0.01727,0.088579,0.030084,0.028412,0.102507,FALSE,TRUE,FALSE,FALSE,TRUE
127,85979,0.002375762,93046.15473,7067.154729,,,,,,,,0,5,0.073425,5/5/2022,,homer,320,,6313,0,3,16,26,24,19,12,0,0,0,0,1,0,0,1,0,0,0,0,1,0,1,0,0,1,0,0,0,0,0,0,0,0,0.038997,0.074095,0.030641,0.102507,0.074652,FALSE,TRUE,FALSE,TRUE,FALSE
126,107750,0.002403645,94138.20849,13611.79151,,,,,,,,0,5,0.06722,5/4/2022,,train,319,,7243,6,26,32,22,10,3,0,1,0,0,0,0,0,0,0,1,0,0,0,0,1,0,0,0,1,0,1,0,0,0,0,0,0,0.072423,0.074652,0.088579,0.056267,0.049025,FALSE,FALSE,TRUE,TRUE,FALSE
125,85817,0.002432005,95248.92943,9431.929431,,,,,,,,0,5,0.069229,5/3/2022,,hairy,318,,5941,1,8,24,33,23,10,1,1,0,0,0,0,0,0,1,1,0,0,0,0,0,0,0,0,1,0,0,0,0,0,0,1,0,0.038997,0.088579,0.056267,0.074652,0.033983,FALSE,TRUE,TRUE,FALSE,TRUE
124,95643,0.002460853,96378.72135,735.7213542,,,,,,,,0,5,0.068275,5/2/2022,,story,317,,6530,1,10,23,29,24,11,2,0,0,0,0,0,0,0,0,0,0,0,0,0,0,1,0,0,1,1,1,0,0,0,0,1,0,0.049025,0.072423,0.074095,0.074652,0.033983,FALSE,FALSE,TRUE,FALSE,TRUE
123,77658,0.002490197,97527.99795,19869.99795,,,,,,,,1,4,0.073386,5/1/2022,,forgo,316,,5699,0,1,9,26,37,23,3,0,0,0,0,0,1,1,0,0,0,0,0,0,0,1,0,0,1,0,0,0,0,0,0,0,0,0.018384,0.074095,0.074652,0.028412,0.074095,FALSE,TRUE,FALSE,FALSE,TRUE
122,77991,0.00252005,98697.18304,20706.18304,,,,,,,,1,4,0.073714,4/30/2022,,larva,315,,5749,0,2,10,25,35,23,4,1,0,0,0,0,0,0,0,0,0,0,1,0,0,0,0,0,1,0,0,0,1,0,0,0,0,0.062396,0.088579,0.074652,0.013928,0.088579,FALSE,TRUE,FALSE,FALSE,TRUE
121,106652,0.002550423,99886.71083,6765.289175,,,,,,,,1,4,0.065643,4/29/2022,,trash,314,,7001,2,19,34,27,13,4,1,1,0,0,0,0,0,0,1,0,0,0,0,0,0,0,0,0,0,1,1,0,0,0,0,0,0,0.072423,0.074652,0.088579,0.049025,0.038997,FALSE,FALSE,TRUE,FALSE,FALSE
120,88974,0.002581326,101097.0261,12123.02608,,,,,,,,0,5,0.070976,4/28/2022,,zesty,313,,6315,0,2,12,27,30,22,7,0,0,0,0,1,0,0,0,0,0,0,0,0,0,0,0,0,0,1,1,0,0,0,0,1,1,0.002786,0.102507,0.049025,0.072423,0.033983,FALSE,TRUE,FALSE,FALSE,TRUE
119,98967,0.002612771,102328.5844,3361.584442,,,,,,,,0,5,0.066325,4/27/2022,,shown,312,,6564,0,6,26,36,22,8,1,0,0,0,0,0,0,0,1,0,0,0,0,0,1,1,0,0,0,1,0,0,0,1,0,0,0,0.049025,0.038997,0.074095,0.016713,0.049025,FALSE,FALSE,TRUE,FALSE,FALSE
118,103153,0.002644771,103581.8526,428.8525993,,,,,,,,0,5,0.066212,4/26/2022,,heist,311,,6830,1,13,32,31,16,6,1,0,0,0,0,1,0,0,1,1,0,0,0,0,0,0,0,0,0,1,1,0,0,0,0,0,0,0.038997,0.102507,0.056267,0.049025,0.072423,FALSE,TRUE,TRUE,FALSE,FALSE
117,91548,0.002677338,104857.3086,13309.30856,,,,,,,,0,5,0.071536,4/25/2022,,askew,310,,6549,0,3,13,29,32,19,4,1,0,0,0,1,0,0,0,0,0,1,0,0,0,0,0,0,0,1,0,0,0,1,0,0,0,0.088579,0.049025,0.019499,0.102507,0.016713,TRUE,FALSE,FALSE,TRUE,FALSE
116,97452,0.002710483,106155.4419,8703.441865,,,,,,,,0,5,0.069193,4/24/2022,,inert,309,,6743,0,7,27,34,22,9,1,0,0,0,0,1,0,0,0,1,0,0,0,0,1,0,0,0,1,0,1,0,0,0,0,0,0,0.056267,0.049025,0.102507,0.074652,0.072423,TRUE,FALSE,TRUE,FALSE,FALSE
115,95562,0.00274422,107476.7538,11914.75384,,,,,,,,0,5,0.06783,4/23/2022,,olive,308,,6482,1,6,25,34,23,10,1,0,0,0,0,1,0,0,0,1,0,0,1,0,0,1,0,0,0,0,0,0,1,0,0,0,0,0.074095,0.062396,0.056267,0.013928,0.102507,TRUE,FALSE,TRUE,FALSE,TRUE
114,119232,0.002778562,108821.7578,10410.24219,,,,,,,,0,5,0.06484,4/22/2022,,plant,307,,7731,2,19,39,28,10,3,0,1,0,0,0,0,0,0,0,0,0,0,1,0,1,0,1,0,0,0,1,0,0,0,0,0,0,0.035655,0.062396,0.088579,0.049025,0.072423,FALSE,FALSE,TRUE,FALSE,FALSE
113,97955,0.002813523,110190.9793,12235.97934,,,,,,,,0,5,0.071053,4/21/2022,,oxide,306,,6960,0,2,11,30,33,21,4,0,0,0,1,1,0,0,0,1,0,0,0,0,0,1,0,0,0,0,0,0,0,0,1,0,0,0.074095,0.0039,0.056267,0.030084,0.102507,TRUE,FALSE,TRUE,FALSE,TRUE
112,102007,0.002849116,111584.9564,9577.956419,,,,,,,,0,5,0.066623,4/20/2022,,cargo,305,,6796,0,5,20,34,27,12,2,1,0,1,0,0,0,1,0,0,0,0,0,0,0,1,0,0,1,0,0,0,0,0,0,0,0,0.039554,0.088579,0.074652,0.028412,0.074095,FALSE,TRUE,FALSE,FALSE,TRUE
111,108899,0.002885354,113004.2397,4105.239728,,,,,,,,0,5,0.075281,4/19/2022,,foyer,304,,8198,0,2,10,19,19,23,26,0,0,0,0,1,1,0,0,0,0,0,0,0,0,1,0,0,1,0,0,0,0,0,0,1,0,0.018384,0.074095,0.033983,0.102507,0.074652,FALSE,TRUE,TRUE,TRUE,FALSE
110,112383,0.002922254,114449.3928,2066.392805,,,,,,,,0,5,0.065321,4/18/2022,,flair,303,,7341,1,8,30,36,18,6,1,1,0,0,0,0,1,0,0,1,0,0,1,0,0,0,0,0,1,0,0,0,0,0,0,0,0,0.018384,0.062396,0.088579,0.056267,0.074652,FALSE,FALSE,TRUE,TRUE,FALSE
109,106681,0.002959828,115920.9923,9239.992251,,,,,,,,0,5,0.065691,4/17/2022,,ample,302,,7008,0,4,20,35,27,11,2,1,0,0,0,1,0,0,0,0,0,0,1,1,0,0,1,0,0,0,0,0,0,0,0,0,0,0.088579,0.030641,0.035655,0.062396,0.102507,TRUE,FALSE,FALSE,FALSE,TRUE
108,107987,0.002998093,117419.6279,9432.627914,,,,,,,,1,4,0.065147,4/16/2022,,cheek,301,,7035,0,3,19,40,28,9,1,0,0,1,0,1,0,0,1,0,0,1,0,0,0,0,0,0,0,0,0,0,0,0,0,0,0,0.039554,0.038997,0.102507,0.102507,0.019499,FALSE,FALSE,TRUE,TRUE,FALSE
107,129991,0.003037064,118945.9031,11045.09694,,,,,,,,0,5,0.065558,4/15/2022,,shame,300,,8522,1,11,22,25,21,15,5,1,0,0,0,1,0,0,1,0,0,0,0,1,0,0,0,0,0,1,0,0,0,0,0,0,0,0.049025,0.038997,0.088579,0.030641,0.102507,FALSE,FALSE,TRUE,FALSE,TRUE
106,113448,0.003076756,120500.4345,7052.434511,,,,,,,,0,5,0.06484,4/14/2022,,mince,299,,7356,0,6,24,35,24,10,1,0,0,1,0,1,0,0,0,1,0,0,0,1,1,0,0,0,0,0,0,0,0,0,0,0,0,0.030641,0.056267,0.049025,0.039554,0.102507,FALSE,TRUE,FALSE,FALSE,TRUE
105,123255,0.003117186,122083.8528,1171.147199,,,,,,,,0,5,0.063567,4/13/2022,,chunk,298,,7835,1,4,29,42,18,5,1,0,0,1,0,0,0,0,1,0,0,1,0,0,1,0,0,0,0,0,0,1,0,0,0,0,0,0.039554,0.038997,0.035655,0.049025,0.019499,FALSE,FALSE,TRUE,FALSE,FALSE
104,114907,0.003158369,123696.8023,8789.802262,,,,,,,,0,5,0.063312,4/12/2022,,royal,297,,7275,1,5,24,36,23,9,1,1,0,0,0,0,0,0,0,0,0,0,1,0,0,1,0,0,1,0,0,0,0,0,0,1,0,0.074652,0.074095,0.033983,0.088579,0.062396,FALSE,TRUE,TRUE,TRUE,FALSE
103,109828,0.003200324,125339.9411,15511.94112,,,,,,,,0,5,0.065885,4/11/2022,,squad,296,,7236,0,3,20,33,27,14,2,1,0,0,1,0,0,0,0,0,0,0,0,0,0,0,0,1,0,1,0,1,0,0,0,0,0,0.049025,0.002786,0.035655,0.088579,0.030084,FALSE,FALSE,TRUE,TRUE,FALSE
102,126241,0.003243066,127013.9415,772.9415347,,,,,,,,0,5,0.062531,4/10/2022,,black,295,,7894,1,10,31,34,18,6,1,1,1,1,0,0,0,0,0,0,0,1,1,0,0,0,0,0,0,0,0,0,0,0,0,0,0,0.01727,0.062396,0.088579,0.039554,0.019499,FALSE,FALSE,TRUE,FALSE,FALSE
101,134210,0.003286614,128719.4896,5490.510358,,,,,,,,0,5,0.063609,4/9/2022,,stair,294,,8537,2,21,36,26,11,4,1,1,0,0,0,0,0,0,0,1,0,0,0,0,0,0,0,0,1,1,1,0,0,0,0,0,0,0.049025,0.072423,0.088579,0.056267,0.074652,FALSE,FALSE,TRUE,TRUE,FALSE
100,141158,0.003330986,130457.2855,10700.71449,,,,,,,,0,5,0.063829,4/8/2022,,scare,293,,9010,1,12,23,26,21,13,4,1,0,1,0,1,0,0,0,0,0,0,0,0,0,0,0,0,1,1,0,0,0,0,0,0,0,0.049025,0.039554,0.088579,0.074652,0.102507,FALSE,FALSE,TRUE,FALSE,TRUE
99,117761,0.003376199,132228.0431,14467.04308,,,,,,,,0,5,0.064325,4/7/2022,,foray,292,,7575,0,2,14,31,31,19,4,1,0,0,0,0,1,0,0,0,0,0,0,0,0,1,0,0,1,0,0,0,0,0,0,1,0,0.018384,0.074095,0.074652,0.088579,0.033983,FALSE,TRUE,FALSE,TRUE,TRUE
98,117856,0.003422272,134032.4901,16176.49005,,,,,,,,1,4,0.064146,4/6/2022,,comma,291,,7560,0,2,13,33,33,17,3,1,0,1,0,0,0,0,0,0,0,0,0,1,0,1,0,0,0,0,0,0,0,0,0,0,0,0.039554,0.074095,0.030641,0.030641,0.088579,FALSE,TRUE,FALSE,FALSE,TRUE
97,121356,0.003469224,135871.3677,14515.36773,,,,,,,,1,4,0.063466,4/5/2022,,natal,290,,7702,0,2,14,32,32,17,3,1,0,0,0,0,0,0,0,0,0,0,1,0,1,0,0,0,0,0,1,0,0,0,0,0,0,0.049025,0.088579,0.072423,0.088579,0.062396,FALSE,TRUE,FALSE,TRUE,FALSE
96,129651,0.003517075,137745.4307,8094.430744,,,,,,,,0,5,0.061264,4/4/2022,,shawl,289,,7943,0,3,16,31,30,16,3,1,0,0,0,0,0,0,1,0,0,0,1,0,0,0,0,0,0,1,0,0,0,1,0,0,0,0.049025,0.038997,0.088579,0.016713,0.062396,FALSE,FALSE,TRUE,FALSE,FALSE
95,124532,0.003565844,139655.4468,15123.44678,,,,,,,,1,4,0.063686,4/3/2022,,fewer,288,,7931,0,2,10,24,32,26,6,0,0,0,0,1,1,0,0,0,0,0,0,0,0,0,0,0,1,0,0,0,0,1,0,0,0,0.018384,0.102507,0.016713,0.102507,0.074652,FALSE,TRUE,FALSE,TRUE,FALSE
94,155079,0.00361555,141602.1962,13476.80384,,,,,,,,0,5,0.060066,4/2/2022,,trope,287,,9315,1,16,33,28,15,6,1,0,0,0,0,1,0,0,0,0,0,0,0,0,0,1,1,0,1,0,1,0,0,0,0,0,0,0.072423,0.074652,0.074095,0.035655,0.102507,FALSE,FALSE,TRUE,FALSE,TRUE
93,144648,0.003666215,143586.4714,1061.528623,,,,,,,,0,5,0.061619,4/1/2022,,snout,286,,8913,1,4,19,27,26,18,5,0,0,0,0,0,0,0,0,0,0,0,0,0,1,1,0,0,0,1,1,1,0,0,0,0,0,0.049025,0.049025,0.074095,0.035655,0.072423,FALSE,FALSE,TRUE,TRUE,FALSE
92,135219,0.003717859,145609.0765,10390.07649,,,,,,,,1,4,0.062632,3/31/2022,,lowly,285,,8469,0,2,9,26,32,24,8,0,0,0,0,0,0,0,0,0,0,0,1,0,0,1,0,0,0,0,0,0,0,1,0,1,0,0.062396,0.074095,0.016713,0.062396,0.033983,FALSE,TRUE,FALSE,FALSE,TRUE
91,158139,0.003770502,147670.8264,10468.17355,,,,,,,,0,5,0.058923,3/30/2022,,stove,284,,9318,0,5,16,24,27,21,6,0,0,0,0,1,0,0,0,0,0,0,0,0,0,1,0,0,0,1,1,0,1,0,0,0,0,0.049025,0.072423,0.074095,0.013928,0.102507,FALSE,FALSE,TRUE,FALSE,TRUE
90,149070,0.003824165,149772.5462,702.5462037,,,,,,,,1,4,0.05698,3/29/2022,,shall,283,,8494,0,3,17,30,28,17,4,1,0,0,0,0,0,0,1,0,0,0,1,0,0,0,0,0,0,1,0,0,0,0,0,0,0,0.049025,0.038997,0.088579,0.062396,0.062396,FALSE,FALSE,TRUE,FALSE,FALSE
89,173696,0.003878871,151915.0698,21780.93021,,,,,,,,0,5,0.061101,3/28/2022,,found,282,,10613,1,6,17,22,20,21,14,0,0,0,1,0,1,0,0,0,0,0,0,0,1,1,0,0,0,0,0,1,0,0,0,0,0,0.018384,0.074095,0.035655,0.049025,0.030084,FALSE,TRUE,TRUE,FALSE,FALSE
88,165468,0.003934639,154099.2391,11368.76087,,,,,,,,0,5,0.060042,3/27/2022,,nymph,281,,9935,1,2,18,44,26,26,9,0,0,0,0,0,0,0,1,0,0,0,0,1,1,0,1,0,0,0,0,0,0,0,0,1,0,0.049025,0.033983,0.030641,0.035655,0.038997,FALSE,TRUE,FALSE,FALSE,FALSE
87,149507,0.003991493,156325.9027,6818.902746,,,,,,,,0,5,0.062713,3/26/2022,,epoxy,280,,9376,0,2,13,31,33,18,3,0,0,0,0,1,0,0,0,0,0,0,0,0,0,1,1,0,0,0,0,0,0,0,1,1,0,0.102507,0.035655,0.074095,0.0039,0.033983,TRUE,FALSE,TRUE,FALSE,TRUE
86,150197,0.004049454,158595.9142,8398.914194,,,,,,,,0,5,0.057005,3/25/2022,,depot,279,,8562,0,5,29,36,20,7,1,0,0,0,1,1,0,0,0,0,0,0,0,0,0,1,1,0,0,0,1,0,0,0,0,0,0,0.030084,0.102507,0.035655,0.074095,0.072423,FALSE,TRUE,FALSE,TRUE,FALSE
85,169066,0.004108543,160910.1303,8155.86968,,,,,,,,0,5,0.055115,3/24/2022,,chest,278,,9318,1,14,35,31,14,5,1,0,0,1,0,1,0,0,1,0,0,0,0,0,0,0,0,0,0,1,1,0,0,0,0,0,0,0.039554,0.038997,0.102507,0.049025,0.072423,FALSE,FALSE,TRUE,FALSE,FALSE
84,156785,0.004168783,163269.4092,6484.409232,,,,,,,,0,5,0.054565,3/23/2022,,purge,277,,8555,1,4,22,35,26,11,2,0,0,0,0,1,0,1,0,0,0,0,0,0,0,0,1,0,1,0,0,1,0,0,0,0,0,0.035655,0.035655,0.074652,0.028412,0.102507,FALSE,TRUE,FALSE,FALSE,TRUE
83,160161,0.004230195,165674.608,5513.607998,,,,,,,,1,4,0.054988,3/22/2022,,slosh,276,,8807,0,2,19,36,27,13,2,0,0,0,0,0,0,0,1,0,0,0,1,0,0,1,0,0,0,1,0,0,0,0,0,0,0,0.049025,0.062396,0.074095,0.049025,0.038997,FALSE,FALSE,TRUE,FALSE,FALSE
82,173636,0.004292801,168126.58,5509.419984,,,,,,,,0,5,0.052984,3/21/2022,,their,275,,9200,2,14,36,30,13,4,0,0,0,0,0,1,0,0,1,1,0,0,0,0,0,0,0,0,1,0,1,0,0,0,0,0,0,0.072423,0.038997,0.102507,0.056267,0.074652,FALSE,FALSE,TRUE,TRUE,FALSE
81,154987,0.004356624,170626.172,15639.17203,,,,,,,,1,4,0.054308,3/20/2022,,renew,274,,8417,0,4,20,33,27,13,2,0,0,0,0,1,0,0,0,0,0,0,0,0,1,0,0,0,1,0,0,0,0,1,0,0,0,0.074652,0.102507,0.049025,0.102507,0.016713,FALSE,TRUE,FALSE,TRUE,FALSE
80,156311,0.004421684,173174.2207,16863.22074,,,,,,,,1,4,0.054475,3/19/2022,,allow,273,,8515,0,5,21,32,26,14,3,1,0,0,0,0,0,0,0,0,0,0,1,0,0,1,0,0,0,0,0,0,0,1,0,0,0,0.088579,0.062396,0.062396,0.074095,0.016713,TRUE,FALSE,FALSE,TRUE,FALSE
79,179830,0.004488002,175771.549,4058.451015,,,,,,,,0,5,0.051738,3/18/2022,,saute,272,,9304,1,8,31,34,19,6,1,1,0,0,0,1,0,0,0,0,0,0,0,0,0,0,0,0,0,1,1,1,0,0,0,0,0,0.049025,0.088579,0.035655,0.072423,0.102507,FALSE,TRUE,TRUE,FALSE,TRUE
78,169071,0.004555598,178418.9614,9347.961383,,,,,,,,0,5,0.052327,3/17/2022,,movie,271,,8847,1,5,18,30,26,16,3,0,0,0,0,1,0,0,0,1,0,0,0,1,0,1,0,0,0,0,0,0,1,0,0,0,0,0.030641,0.074095,0.013928,0.056267,0.102507,FALSE,TRUE,FALSE,TRUE,TRUE
77,217856,0.004624494,181117.2395,36738.76053,,,,,,,,0,5,0.051566,3/16/2022,,cater,270,,11234,1,7,19,22,19,18,15,1,0,1,0,1,0,0,0,0,0,0,0,0,0,0,0,0,1,0,1,0,0,0,0,0,0,0.039554,0.088579,0.072423,0.102507,0.074652,FALSE,TRUE,FALSE,TRUE,FALSE
76,202855,0.004694707,183867.1362,18987.86385,,,,,,,,1,4,0.049415,3/15/2022,,tease,269,,10024,1,16,32,30,16,6,1,1,0,0,0,1,0,0,0,0,0,0,0,0,0,0,0,0,0,1,1,0,0,0,0,0,0,0.072423,0.102507,0.088579,0.049025,0.102507,FALSE,TRUE,TRUE,FALSE,TRUE
75,185406,0.004766257,186669.3695,1263.369535,,,,,,,,0,5,0.050554,3/14/2022,,smelt,268,,9373,0,5,19,33,28,13,2,0,0,0,0,1,0,0,0,0,0,0,1,1,0,0,0,0,0,1,1,0,0,0,0,0,0,0.049025,0.030641,0.102507,0.062396,0.072423,FALSE,FALSE,TRUE,FALSE,FALSE
74,179436,0.004839161,189524.6159,10088.6159,,,,,,,,0,5,0.049806,3/13/2022,,focus,267,,8937,1,4,23,36,24,10,1,0,0,1,0,0,1,0,0,0,0,0,0,0,0,1,0,0,0,1,0,1,0,0,0,0,0,0.018384,0.074095,0.039554,0.035655,0.049025,FALSE,TRUE,FALSE,TRUE,FALSE
73,192049,0.004913434,192433.5018,384.5018477,,,,,,,,0,5,0.048701,3/12/2022,,today,266,,9353,1,7,29,35,20,7,1,1,0,0,1,0,0,0,0,0,0,0,0,0,0,1,0,0,0,0,1,0,0,0,0,1,0,0.072423,0.074095,0.030084,0.088579,0.033983,FALSE,TRUE,FALSE,TRUE,TRUE
72,226349,0.004989091,195396.5955,30952.40451,,,,,,,,0,5,0.054783,3/11/2022,,watch,265,,12400,1,6,14,18,17,24,20,1,0,1,0,0,0,0,1,0,0,0,0,0,0,0,0,0,0,0,1,0,0,1,0,0,0,0.016713,0.088579,0.072423,0.039554,0.038997,FALSE,TRUE,FALSE,FALSE,FALSE
71,208884,0.005066145,198414.3965,10469.60352,,,,,,,,0,5,0.047682,3/10/2022,,lapse,264,,9960,0,8,31,34,19,7,1,1,0,0,0,1,0,0,0,0,0,0,1,0,0,0,1,0,0,1,0,0,0,0,0,0,0,0.062396,0.088579,0.035655,0.049025,0.102507,FALSE,TRUE,FALSE,FALSE,TRUE
70,201799,0.005144606,201487.3249,311.6750546,,,,,,,,0,5,0.046754,3/9/2022,,month,263,,9435,1,5,26,37,22,8,1,0,0,0,0,0,0,0,1,0,0,0,0,1,1,1,0,0,0,0,1,0,0,0,0,0,0,0.030641,0.074095,0.049025,0.072423,0.038997,FALSE,TRUE,FALSE,FALSE,FALSE
69,207473,0.005224484,204615.7089,2857.291089,,,,,,,,1,4,0.047076,3/8/2022,,sweet,262,,9767,1,5,18,31,28,15,2,0,0,0,0,1,0,0,0,0,0,0,0,0,0,0,0,0,0,1,1,0,0,1,0,0,0,0.049025,0.016713,0.102507,0.102507,0.072423,FALSE,FALSE,TRUE,TRUE,FALSE
68,218595,0.005305783,207799.7703,10795.22966,,,,,,,,0,5,0.044937,3/7/2022,,hoard,261,,9823,1,9,30,34,19,7,1,1,0,0,1,0,0,0,1,0,0,0,0,0,0,1,0,0,1,0,0,0,0,0,0,0,0,0.038997,0.074095,0.088579,0.074652,0.030084,FALSE,TRUE,TRUE,FALSE,FALSE
67,218595,0.005388506,211039.6094,7555.390625,,,,,,,,0,5,0.04534,3/6/2022,,cloth,260,,9911,1,8,33,34,17,7,1,0,0,1,0,0,0,0,1,0,0,0,1,0,0,1,0,0,0,0,1,0,0,0,0,0,0,0.039554,0.062396,0.074095,0.072423,0.038997,FALSE,FALSE,TRUE,FALSE,FALSE
66,229895,0.005472653,214335.1867,15559.81325,,,,,,,,0,5,0.04526,3/5/2022,,brine,259,,10405,1,9,25,29,22,12,3,0,1,0,0,1,0,0,0,1,0,0,0,0,1,0,0,0,1,0,0,0,0,0,0,0,0,0.01727,0.074652,0.056267,0.049025,0.102507,FALSE,FALSE,TRUE,FALSE,TRUE
65,203730,0.005558217,217686.304,13956.30398,,,,,,,,1,4,0.04612,3/4/2022,,ahead,258,,9396,1,5,20,35,26,12,2,1,0,0,1,1,0,0,1,0,0,0,0,0,0,0,0,0,0,0,0,0,0,0,0,0,0,0.088579,0.038997,0.102507,0.088579,0.030084,TRUE,FALSE,TRUE,TRUE,FALSE
64,240018,0.00564519,221092.5813,18925.41871,,,,,,,,0,5,0.043601,3/3/2022,,mourn,257,,10465,1,8,29,34,19,8,1,0,0,0,0,0,0,0,0,0,0,0,0,1,1,1,0,0,1,0,0,1,0,0,0,0,0,0.030641,0.074095,0.035655,0.074652,0.049025,FALSE,TRUE,TRUE,FALSE,FALSE
63,257304,0.005733557,224553.4327,32750.56728,,,,,,,,0,5,0.042024,3/2/2022,,nasty,256,,10813,1,7,26,31,21,11,2,1,0,0,0,0,0,0,0,0,0,0,0,0,1,0,0,0,0,1,1,0,0,0,0,1,0,0.049025,0.088579,0.049025,0.072423,0.033983,FALSE,TRUE,FALSE,FALSE,TRUE
62,240137,0.005823296,228068.0384,12068.96163,,,,,,,,1,4,0.044046,3/1/2022,,rupee,255,,10577,1,2,17,35,30,13,2,0,0,0,0,1,0,0,0,0,0,0,0,0,0,0,1,0,1,0,0,1,0,0,0,0,0,0.074652,0.035655,0.035655,0.102507,0.102507,FALSE,TRUE,FALSE,TRUE,TRUE
61,251094,0.00591438,231635.3132,19458.68676,,,,,,,,0,5,0.041901,2/28/2022,,choke,254,,10521,1,8,30,36,18,6,1,0,0,1,0,1,0,0,1,0,0,1,0,0,0,1,0,0,0,0,0,0,0,0,0,0,0,0.039554,0.038997,0.074095,0.019499,0.102507,FALSE,FALSE,TRUE,FALSE,TRUE
60,250413,0.006006773,235253.8723,15159.12773,,,,,,,,0,5,0.041683,2/27/2022,,chant,253,,10438,1,9,33,33,16,7,1,1,0,1,0,0,0,0,1,0,0,0,0,0,1,0,0,0,0,0,1,0,0,0,0,0,0,0.039554,0.038997,0.088579,0.049025,0.072423,FALSE,FALSE,TRUE,FALSE,FALSE
59,248363,0.006100431,238921.9913,9441.008689,,,,,,,,1,4,0.040614,2/26/2022,,spill,252,,10087,1,5,26,34,22,10,2,0,0,0,0,0,0,0,0,1,0,0,1,0,0,0,1,0,0,1,0,0,0,0,0,0,0,0.049025,0.035655,0.056267,0.062396,0.062396,FALSE,FALSE,TRUE,FALSE,FALSE
58,255907,0.006195302,242637.5632,13269.43679,,,,,,,,1,3,0.045669,2/25/2022,,vivid,251,,11687,1,2,10,29,33,21,4,0,0,0,1,0,0,0,0,1,0,0,0,0,0,0,0,0,0,0,0,0,1,0,0,0,0,0.013928,0.056267,0.013928,0.056267,0.030084,FALSE,TRUE,FALSE,TRUE,FALSE
57,250674,0.006291319,246398.0488,4275.951222,,,,,,,,0,5,0.041508,2/24/2022,,bloke,250,,10405,1,6,21,32,25,12,2,0,1,0,0,1,0,0,0,0,0,1,1,0,0,1,0,0,0,0,0,0,0,0,0,0,0,0.01727,0.062396,0.074095,0.019499,0.102507,FALSE,FALSE,TRUE,FALSE,TRUE
56,277576,0.006388405,250200.4217,27375.57826,,,,,,,,0,5,0.041109,2/23/2022,,trove,249,,11411,1,5,16,24,25,22,8,0,0,0,0,1,0,0,0,0,0,0,0,0,0,1,0,0,1,0,1,0,1,0,0,0,0,0.072423,0.074652,0.074095,0.013928,0.102507,FALSE,FALSE,TRUE,FALSE,TRUE
55,306356,0.00648647,254041.1072,52314.89284,,,,,,,,0,5,0.038563,2/22/2022,,thorn,248,,11814,1,14,38,30,12,4,0,0,0,0,0,0,0,0,1,0,0,0,0,0,1,1,0,0,1,0,1,0,0,0,0,0,0,0.072423,0.038997,0.074095,0.074652,0.049025,FALSE,FALSE,TRUE,FALSE,FALSE
54,278731,0.006585406,257915.9124,20815.08765,,,,,,,,0,5,0.039059,2/21/2022,,other,247,,10887,1,9,26,30,21,10,2,0,0,0,0,1,0,0,1,0,0,0,0,0,0,1,0,0,1,0,1,0,0,0,0,0,0,0.074095,0.072423,0.038997,0.102507,0.074652,TRUE,FALSE,FALSE,TRUE,FALSE
53,273306,0.006685088,261819.9496,11486.05036,,,,,,,,1,4,0.040592,2/20/2022,,tacit,246,,11094,1,4,21,32,26,14,3,1,0,1,0,0,0,0,0,1,0,0,0,0,0,0,0,0,0,0,1,0,0,0,0,0,0,0.072423,0.088579,0.039554,0.056267,0.072423,FALSE,TRUE,FALSE,TRUE,FALSE
52,282327,0.006785372,265747.5497,16579.45026,,,,,,,,1,4,0.039816,2/19/2022,,swill,245,,11241,1,1,8,19,31,30,10,0,0,0,0,0,0,0,0,1,0,0,1,0,0,0,0,0,0,1,0,0,0,1,0,0,0,0.049025,0.016713,0.056267,0.062396,0.062396,FALSE,FALSE,TRUE,FALSE,FALSE
51,265238,0.006886091,269692.1649,4454.164859,,,,,,,,1,4,0.038531,2/18/2022,,dodge,244,,10220,1,3,15,29,27,19,7,0,0,0,1,1,0,1,0,0,0,0,0,0,0,1,0,0,0,0,0,0,0,0,0,0,0,0.030084,0.074095,0.030084,0.028412,0.102507,FALSE,TRUE,FALSE,FALSE,TRUE
50,342003,0.006987051,273646.2602,68356.73981,,,,,,,,0,5,0.03733,2/17/2022,,shake,243,,12767,1,6,16,23,24,21,9,1,0,0,0,1,0,0,1,0,0,1,0,0,0,0,0,0,0,1,0,0,0,0,0,0,0,0.049025,0.038997,0.088579,0.019499,0.102507,FALSE,FALSE,TRUE,FALSE,TRUE
49,289721,0.007088033,277601.1926,12119.8074,,,,,,,,0,5,0.03707,2/16/2022,,caulk,242,,10740,1,4,20,31,26,15,3,1,0,1,0,0,0,0,0,0,0,1,1,0,0,0,0,0,0,0,0,1,0,0,0,0,0,0.039554,0.088579,0.035655,0.062396,0.019499,FALSE,TRUE,TRUE,FALSE,FALSE
48,287836,0.007188784,281547.0749,6288.925128,,,,,,,,1,4,0.035934,2/15/2022,,aroma,241,,10343,1,6,25,33,22,11,2,1,0,0,0,0,0,0,0,0,0,0,0,1,0,1,0,0,1,0,0,0,0,0,0,0,0,0.088579,0.074652,0.074095,0.030641,0.088579,TRUE,FALSE,TRUE,FALSE,TRUE
47,261521,0.007289016,285472.6241,23951.62415,,,,,,,,1,4,0.039549,2/14/2022,,cynic,240,,10343,1,6,25,33,22,11,2,0,0,1,0,0,0,0,0,1,0,0,0,0,1,0,0,0,0,0,0,0,0,0,0,1,0,0.039554,0.033983,0.049025,0.056267,0.039554,FALSE,TRUE,FALSE,TRUE,FALSE
46,277471,0.0073884,289364.9926,11893.99262,,,,,,,,0,5,0.011709,2/13/2022,,robin,239,,3249,1,6,29,34,21,8,1,0,1,0,0,0,0,0,0,1,0,0,0,0,1,1,0,0,1,0,0,0,0,0,0,0,0,0.074652,0.074095,0.01727,0.056267,0.049025,FALSE,TRUE,FALSE,TRUE,FALSE
45,269885,0.007486565,293209.5788,23324.57878,,,,,,,,0,5,0.034496,2/12/2022,,ultra,238,,9310,1,7,23,34,24,10,1,1,0,0,0,0,0,0,0,0,0,0,1,0,0,0,0,0,1,0,1,1,0,0,0,0,0,0.035655,0.062396,0.072423,0.074652,0.088579,TRUE,FALSE,FALSE,FALSE,TRUE
44,278826,0.007583086,296989.8172,18163.8172,,,,,,,,0,5,0.038128,2/11/2022,,ulcer,237,,10631,1,4,18,30,28,16,3,0,0,1,0,1,0,0,0,0,0,0,1,0,0,0,0,0,1,0,0,1,0,0,0,0,0,0.035655,0.062396,0.039554,0.102507,0.074652,TRUE,FALSE,FALSE,TRUE,FALSE
43,304830,0.007677485,300686.9448,4143.055168,,,,,,,,0,5,0.044221,2/10/2022,,pause,236,,13480,1,8,26,32,21,10,2,1,0,0,0,1,0,0,0,0,0,0,0,0,0,0,1,0,0,1,0,1,0,0,0,0,0,0.035655,0.088579,0.035655,0.049025,0.102507,FALSE,TRUE,TRUE,FALSE,TRUE
42,305372,0.007769221,304279.7417,1092.258291,,,,,,,,0,5,0.045341,2/9/2022,,humor,235,,13846,1,5,22,34,25,11,2,0,0,0,0,0,0,0,1,0,0,0,0,1,0,1,0,0,1,0,0,1,0,0,0,0,0,0.038997,0.035655,0.030641,0.074095,0.074652,FALSE,TRUE,FALSE,TRUE,FALSE
41,336236,0.00785768,307744.2441,28491.75594,,,,,,,,0,5,0.045709,2/8/2022,,frame,234,,15369,1,10,20,24,24,17,3,1,0,0,0,1,1,0,0,0,0,0,0,1,0,0,0,0,1,0,0,0,0,0,0,0,0,0.018384,0.074652,0.088579,0.030641,0.102507,FALSE,FALSE,TRUE,FALSE,TRUE
40,288228,0.007942174,311053.4279,22825.42789,,,,,,,,1,4,0.046283,2/7/2022,,elder,233,,13340,1,3,13,24,30,24,5,0,0,0,1,1,0,0,0,0,0,0,1,0,0,0,0,0,1,0,0,0,0,0,0,0,0,0.102507,0.062396,0.030084,0.102507,0.074652,TRUE,FALSE,FALSE,TRUE,FALSE
39,311018,0.008021925,314176.8614,3158.861376,,,,,,,,1,4,0.0441,2/6/2022,,skill,232,,13716,1,3,17,33,27,16,3,0,0,0,0,0,0,0,0,1,0,1,1,0,0,0,0,0,0,1,0,0,0,0,0,0,0,0.049025,0.019499,0.056267,0.062396,0.062396,FALSE,FALSE,TRUE,FALSE,FALSE
38,319698,0.00809606,317080.3251,2617.674945,,,,,,,,0,5,0.042878,2/5/2022,,aloft,231,,13708,1,4,22,36,25,11,2,1,0,0,0,0,1,0,0,0,0,0,1,0,0,1,0,0,0,0,1,0,0,0,0,0,0,0.088579,0.062396,0.074095,0.018384,0.072423,TRUE,FALSE,TRUE,FALSE,FALSE
37,359679,0.008163597,319725.3994,39953.60061,,,,,,,,0,5,0.041184,2/4/2022,,pleat,230,,14813,1,10,28,31,19,9,2,1,0,0,0,1,0,0,0,0,0,0,1,0,0,0,1,0,0,0,1,0,0,0,0,0,0,0.035655,0.062396,0.102507,0.088579,0.072423,FALSE,FALSE,TRUE,TRUE,FALSE
36,358176,0.008223437,322069.0207,36106.97935,,,,,,,,0,5,0.040787,2/3/2022,,shard,229,,14609,1,7,22,28,25,14,4,1,0,0,1,0,0,0,1,0,0,0,0,0,0,0,0,0,1,1,0,0,0,0,0,0,0,0.049025,0.038997,0.088579,0.074652,0.030084,FALSE,FALSE,TRUE,FALSE,FALSE
35,361908,0.00827435,324063.0079,37844.99212,,,,,,,,0,5,0.03925,2/2/2022,,moist,228,,14205,3,13,32,29,16,7,1,0,0,0,0,0,0,0,0,1,0,0,0,1,0,1,0,0,0,1,1,0,0,0,0,0,0,0.030641,0.074095,0.056267,0.049025,0.072423,FALSE,TRUE,TRUE,FALSE,FALSE
34,351663,0.008314962,325653.5661,26009.43392,,,,,,,,0,5,0.03869,2/1/2022,,those,227,,13606,1,13,34,30,15,6,1,0,0,0,0,1,0,0,1,0,0,0,0,0,0,1,0,0,0,1,1,0,0,0,0,0,0,0.072423,0.038997,0.074095,0.049025,0.102507,FALSE,FALSE,TRUE,FALSE,TRUE
33,341314,0.008343743,326780.7748,14533.22521,,,,,,,,0,5,0.039105,1/31/2022,,light,226,,13347,1,10,25,27,19,12,5,0,0,0,0,0,0,1,1,1,0,0,1,0,0,0,0,0,0,0,1,0,0,0,0,0,0,0.062396,0.056267,0.028412,0.038997,0.072423,FALSE,TRUE,FALSE,FALSE,FALSE
32,294687,0.008358994,327378.0759,32691.07589,,,,,,,,0,5,0.039106,1/30/2022,,wrung,225,,11524,0,2,18,39,27,12,2,0,0,0,0,0,0,1,0,0,0,0,0,0,1,0,0,0,1,0,0,1,0,1,0,0,0,0.016713,0.074652,0.035655,0.049025,0.028412,FALSE,FALSE,TRUE,FALSE,FALSE
31,313220,0.008358833,327371.782,14151.78199,,,,,,,,0,5,0.037009,1/29/2022,,could,224,,11592,1,7,29,35,20,8,1,0,0,1,1,0,0,0,0,0,0,0,1,0,0,1,0,0,0,0,0,1,0,0,0,0,0,0.039554,0.074095,0.035655,0.062396,0.030084,FALSE,TRUE,TRUE,FALSE,FALSE
30,296968,0.008341186,326680.636,29712.63595,,,,,,,,0,5,0.037539,1/28/2022,,perky,223,,11148,1,4,17,30,27,17,4,0,0,0,0,1,0,0,0,0,0,1,0,0,0,0,1,0,1,0,0,0,0,0,0,1,0,0.035655,0.102507,0.074652,0.019499,0.033983,FALSE,TRUE,FALSE,FALSE,TRUE
29,331844,0.008303776,325215.4657,6628.53432,,,,,,,,0,5,0.034507,1/27/2022,,mount,222,,11451,1,9,29,33,19,7,1,0,0,0,0,0,0,0,0,0,0,0,0,1,1,1,0,0,0,0,1,1,0,0,0,0,0,0.030641,0.074095,0.035655,0.049025,0.072423,FALSE,TRUE,TRUE,FALSE,FALSE
28,302348,0.008244118,322878.9956,20530.99559,,,,,,,,0,5,0.033614,1/26/2022,,whack,221,,10163,1,4,22,37,24,10,2,1,0,1,0,0,0,0,1,0,0,1,0,0,0,0,0,0,0,0,0,0,0,1,0,0,0,0.016713,0.038997,0.088579,0.039554,0.019499,FALSE,FALSE,TRUE,FALSE,FALSE
27,276404,0.008159525,319565.9,43161.89997,,,,,,,,0,5,0.031505,1/25/2022,,sugar,220,,8708,1,6,25,34,23,9,1,1,0,0,0,0,0,1,0,0,0,0,0,0,0,0,0,0,1,1,0,1,0,0,0,0,0,0.049025,0.035655,0.028412,0.088579,0.074652,FALSE,TRUE,FALSE,TRUE,FALSE
26,258038,0.00804711,315163.2145,57125.21446,,,,,,,,1,4,0.032232,1/24/2022,,knoll,219,,8317,1,1,11,29,33,21,4,0,0,0,0,0,0,0,0,0,0,1,1,0,1,1,0,0,0,0,0,0,0,0,0,0,0,0.019499,0.049025,0.074095,0.062396,0.062396,FALSE,FALSE,TRUE,FALSE,FALSE
25,269929,0.007903819,309551.2628,39622.26281,,,,,,,,0,5,0.028267,1/23/2022,,crimp,218,,7630,1,5,28,38,20,7,1,0,0,1,0,0,0,0,0,1,0,0,0,1,0,0,1,0,1,0,0,0,0,0,0,0,0,0.039554,0.074652,0.056267,0.030641,0.035655,FALSE,FALSE,TRUE,FALSE,FALSE
24,241489,0.007726467,302605.3083,61116.30827,,,,,,,,0,5,0.028366,1/22/2022,,wince,217,,6850,1,3,17,33,29,15,3,0,0,1,0,1,0,0,0,1,0,0,0,0,1,0,0,0,0,0,0,0,0,1,0,0,0,0.016713,0.056267,0.049025,0.039554,0.102507,FALSE,TRUE,FALSE,FALSE,TRUE
23,273727,0.007511807,294198.2052,20471.20518,,,,,,,,0,5,0.027067,1/21/2022,,prick,216,,7409,1,8,30,33,19,7,1,0,0,1,0,0,0,0,0,1,0,1,0,0,0,0,1,0,1,0,0,0,0,0,0,0,0,0.035655,0.074652,0.056267,0.039554,0.019499,FALSE,FALSE,TRUE,FALSE,FALSE
22,243964,0.007256634,284204.4078,40240.40778,,,,,,,,1,4,0.027008,1/20/2022,,robot,215,,6589,1,8,29,34,20,8,1,0,1,0,0,0,0,0,0,0,0,0,0,0,0,1,0,0,1,0,1,0,0,0,0,0,0,0.074652,0.074095,0.01727,0.074095,0.072423,FALSE,TRUE,FALSE,TRUE,FALSE
21,280622,0.006957932,272505.7881,8116.211862,,,,,,,,0,5,0.02528,1/19/2022,,point,214,,7094,1,16,37,28,12,4,1,0,0,0,0,0,0,0,0,1,0,0,0,0,1,1,1,0,0,0,1,0,0,0,0,0,0,0.035655,0.074095,0.056267,0.049025,0.072423,FALSE,TRUE,TRUE,FALSE,FALSE
20,220950,0.006613082,258999.8196,38049.81957,,,,,,,,0,5,0.028088,1/18/2022,,proxy,213,,6206,1,2,11,24,31,26,6,0,0,0,0,0,0,0,0,0,0,0,0,0,0,1,1,0,1,0,0,0,0,0,1,1,0,0.035655,0.074652,0.074095,0.0039,0.033983,FALSE,FALSE,TRUE,FALSE,TRUE
19,222197,0.006220151,243610.7802,21413.78023,,,,,,,,0,5,0.025383,1/17/2022,,shire,212,,5640,1,8,32,32,18,8,2,0,0,0,0,1,0,0,1,1,0,0,0,0,0,0,0,0,1,1,0,0,0,0,0,0,0,0.049025,0.038997,0.056267,0.074652,0.102507,FALSE,FALSE,TRUE,FALSE,TRUE
18,209609,0.005778272,226304.6931,16695.69305,,,,,,,,0,5,0.023639,1/16/2022,,solar,211,,4955,1,9,32,32,18,7,1,1,0,0,0,0,0,0,0,0,0,0,1,0,0,1,0,0,1,1,0,0,0,0,0,0,0,0.049025,0.074095,0.062396,0.088579,0.074652,FALSE,TRUE,FALSE,TRUE,FALSE
17,205880,0.005288137,207108.6825,1228.682534,,,,,,,,0,5,0.02261,1/15/2022,,panic,210,,4655,1,9,35,34,16,5,1,1,0,1,0,0,0,0,0,1,0,0,0,0,1,0,1,0,0,0,0,0,0,0,0,0,0,0.035655,0.088579,0.049025,0.056267,0.039554,FALSE,TRUE,FALSE,TRUE,FALSE
16,169484,0.004752618,186135.1835,16651.18352,,,,,,,,0,5,0.023513,1/14/2022,,tangy,209,,3985,1,4,21,30,24,15,5,1,0,0,0,0,0,1,0,0,0,0,0,0,1,0,0,0,0,0,1,0,0,0,0,1,0,0.072423,0.088579,0.049025,0.028412,0.033983,FALSE,TRUE,FALSE,FALSE,TRUE
15,132726,0.004177499,163610.7932,30884.79318,,,,,,,,1,4,0.025202,1/13/2022,,abbey,208,,3345,1,2,13,29,31,20,3,1,1,0,0,1,0,0,0,0,0,0,0,0,0,0,0,0,0,0,0,0,0,0,0,1,0,0.088579,0.01727,0.01727,0.102507,0.033983,TRUE,FALSE,FALSE,TRUE,TRUE
14,137586,0.003572297,139908.2051,2322.20513,,,,,,,,0,5,0.022335,1/12/2022,,favor,207,,3073,1,4,15,26,29,21,4,1,0,0,0,0,1,0,0,0,0,0,0,0,0,1,0,0,1,0,0,0,1,0,0,0,0,0.018384,0.088579,0.013928,0.074095,0.074652,FALSE,TRUE,FALSE,TRUE,FALSE
13,153880,0.002951049,115577.1526,38302.8474,,,,,,,,0,5,0.019606,1/11/2022,,drink,206,,3017,1,9,35,34,16,5,1,0,0,0,1,0,0,0,0,1,0,1,0,0,1,0,0,0,1,0,0,0,0,0,0,0,0,0.030084,0.074652,0.056267,0.049025,0.019499,FALSE,FALSE,TRUE,FALSE,FALSE
12,107134,0.002332863,91366.05289,15767.94711,,,,,,,,0,5,0.020927,1/10/2022,,query,205,,2242,1,4,16,30,30,17,2,0,0,0,0,1,0,0,0,0,0,0,0,0,0,0,0,1,1,0,0,1,0,0,0,1,0,0.002786,0.035655,0.102507,0.074652,0.033983,FALSE,TRUE,TRUE,FALSE,TRUE
11,91477,0.001741863,68219.65959,23257.34041,,,,,,,,1,4,0.020912,1/9/2022,,gorge,204,,1913,1,3,13,27,30,22,4,0,0,0,0,1,0,1,0,0,0,0,0,0,0,1,0,0,1,0,0,0,0,0,0,0,0,0.028412,0.074095,0.074652,0.028412,0.102507,FALSE,TRUE,FALSE,FALSE,TRUE
10,101503,0.00120593,47229.9799,54273.0201,,,,,,,,0,5,0.017369,1/8/2022,,crank,203,,1763,1,5,23,31,24,14,2,1,0,1,0,0,0,0,0,0,0,1,0,0,1,0,0,0,1,0,0,0,0,0,0,0,0,0.039554,0.074652,0.088579,0.049025,0.019499,FALSE,FALSE,TRUE,FALSE,FALSE
9,80630,0.000753517,29511.33821,51118.66179,,,,,,,,0,5,0.016892,1/7/2022,,slump,202,,1362,1,3,23,39,24,9,1,0,0,0,0,0,0,0,0,0,0,0,1,1,0,0,1,0,0,1,0,1,0,0,0,0,0,0.049025,0.062396,0.035655,0.030641,0.035655,FALSE,FALSE,TRUE,FALSE,FALSE
